,Time,Driver,DriverNumber,LapTime,LapNumber,Stint,PitOutTime,PitInTime,Sector1Time,Sector2Time,Sector3Time,Sector1SessionTime,Sector2SessionTime,Sector3SessionTime,SpeedI1,SpeedI2,SpeedFL,SpeedST,IsPersonalBest,Compound,TyreLife,FreshTyre,Team,LapStartTime,LapStartDate,TrackStatus,Position,Deleted,DeletedReason,FastF1Generated,IsAccurate
70,0 days 01:12:42.787000,LEC,16,,1.0,1.0,,,,0 days 00:00:32.122000,0 days 00:00:40.939000,,0 days 01:12:01.965000,0 days 01:12:42.853000,305.0,221.0,227.0,298.0,False,MEDIUM,1.0,True,Ferrari,0 days 01:11:08.287000,2025-06-29 13:18:01.080,124,6.0,False,,False,False
71,0 days 01:14:34.319000,LEC,16,111.532,2.0,1.0,,,0 days 00:00:24.098000,0 days 00:00:53.387000,0 days 00:00:34.047000,0 days 01:13:06.873000,0 days 01:14:00.260000,0 days 01:14:34.307000,121.0,162.0,197.0,170.0,True,MEDIUM,2.0,True,Ferrari,0 days 01:12:42.787000,2025-06-29 13:19:35.580,4,3.0,False,,False,False
72,0 days 01:16:25.912000,LEC,16,111.593,3.0,1.0,,,0 days 00:00:26.530000,0 days 00:00:50.544000,0 days 00:00:34.519000,0 days 01:15:00.837000,0 days 01:15:51.381000,0 days 01:16:25.900000,143.0,171.0,273.0,142.0,False,MEDIUM,3.0,True,Ferrari,0 days 01:14:34.319000,2025-06-29 13:21:27.112,41,3.0,False,,False,False
73,0 days 01:17:36.847000,LEC,16,70.935,4.0,1.0,,,0 days 00:00:17.722000,0 days 00:00:31.653000,0 days 00:00:21.560000,0 days 01:16:43.622000,0 days 01:17:15.275000,0 days 01:17:36.835000,303.0,227.0,272.0,290.0,True,MEDIUM,4.0,True,Ferrari,0 days 01:16:25.912000,2025-06-29 13:23:18.705,1,3.0,False,,False,True
74,0 days 01:18:47.074000,LEC,16,70.227,5.0,1.0,,,0 days 00:00:17.387000,0 days 00:00:31.363000,0 days 00:00:21.477000,0 days 01:17:54.222000,0 days 01:18:25.585000,0 days 01:18:47.062000,310.0,225.0,274.0,303.0,True,MEDIUM,5.0,True,Ferrari,0 days 01:17:36.847000,2025-06-29 13:24:29.640,1,3.0,False,,False,True
75,0 days 01:19:57.284000,LEC,16,70.21,6.0,1.0,,,0 days 00:00:17.441000,0 days 00:00:31.437000,0 days 00:00:21.332000,0 days 01:19:04.503000,0 days 01:19:35.940000,0 days 01:19:57.272000,295.0,223.0,275.0,293.0,True,MEDIUM,6.0,True,Ferrari,0 days 01:18:47.074000,2025-06-29 13:25:39.867,1,3.0,False,,False,True
76,0 days 01:21:07.477000,LEC,16,70.193,7.0,1.0,,,0 days 00:00:17.446000,0 days 00:00:31.384000,0 days 00:00:21.363000,0 days 01:20:14.718000,0 days 01:20:46.102000,0 days 01:21:07.465000,,222.0,273.0,292.0,True,MEDIUM,7.0,True,Ferrari,0 days 01:19:57.284000,2025-06-29 13:26:50.077,1,3.0,False,,False,True
77,0 days 01:22:17.389000,LEC,16,69.912,8.0,1.0,,,0 days 00:00:17.448000,0 days 00:00:31.269000,0 days 00:00:21.195000,0 days 01:21:24.913000,0 days 01:21:56.182000,0 days 01:22:17.377000,298.0,226.0,273.0,296.0,True,MEDIUM,8.0,True,Ferrari,0 days 01:21:07.477000,2025-06-29 13:28:00.270,1,3.0,False,,False,True
78,0 days 01:23:27.512000,LEC,16,70.123,9.0,1.0,,,0 days 00:00:17.561000,0 days 00:00:31.283000,0 days 00:00:21.279000,0 days 01:22:34.938000,0 days 01:23:06.221000,0 days 01:23:27.500000,294.0,223.0,272.0,292.0,False,MEDIUM,9.0,True,Ferrari,0 days 01:22:17.389000,2025-06-29 13:29:10.182,1,3.0,False,,False,True
79,0 days 01:24:37.581000,LEC,16,70.069,10.0,1.0,,,0 days 00:00:17.714000,0 days 00:00:31.092000,0 days 00:00:21.263000,0 days 01:23:45.214000,0 days 01:24:16.306000,0 days 01:24:37.569000,,226.0,271.0,296.0,False,MEDIUM,10.0,True,Ferrari,0 days 01:23:27.512000,2025-06-29 13:30:20.305,1,3.0,False,,False,True
80,0 days 01:25:48.146000,LEC,16,70.565,11.0,1.0,,,0 days 00:00:17.665000,0 days 00:00:31.506000,0 days 00:00:21.394000,0 days 01:24:55.234000,0 days 01:25:26.740000,0 days 01:25:48.134000,299.0,228.0,274.0,296.0,False,MEDIUM,11.0,True,Ferrari,0 days 01:24:37.581000,2025-06-29 13:31:30.374,1,3.0,False,,False,True
81,0 days 01:26:58.769000,LEC,16,70.623,12.0,1.0,,,0 days 00:00:17.680000,0 days 00:00:31.409000,0 days 00:00:21.534000,0 days 01:26:05.814000,0 days 01:26:37.223000,0 days 01:26:58.757000,297.0,226.0,272.0,293.0,False,MEDIUM,12.0,True,Ferrari,0 days 01:25:48.146000,2025-06-29 13:32:40.939,1,3.0,False,,False,True
82,0 days 01:28:09.374000,LEC,16,70.605,13.0,1.0,,,0 days 00:00:17.709000,0 days 00:00:31.467000,0 days 00:00:21.429000,0 days 01:27:16.466000,0 days 01:27:47.933000,0 days 01:28:09.362000,,223.0,271.0,294.0,False,MEDIUM,13.0,True,Ferrari,0 days 01:26:58.769000,2025-06-29 13:33:51.562,1,3.0,False,,False,True
83,0 days 01:29:20.671000,LEC,16,71.297,14.0,1.0,,,0 days 00:00:18.169000,0 days 00:00:31.473000,0 days 00:00:21.655000,0 days 01:28:27.531000,0 days 01:28:59.004000,0 days 01:29:20.659000,298.0,225.0,270.0,298.0,False,MEDIUM,14.0,True,Ferrari,0 days 01:28:09.374000,2025-06-29 13:35:02.167,1,3.0,False,,False,True
84,0 days 01:30:31.722000,LEC,16,71.051,15.0,1.0,,,0 days 00:00:17.743000,0 days 00:00:31.627000,0 days 00:00:21.681000,0 days 01:29:38.402000,0 days 01:30:10.029000,0 days 01:30:31.710000,293.0,225.0,270.0,295.0,False,MEDIUM,15.0,True,Ferrari,0 days 01:29:20.671000,2025-06-29 13:36:13.464,1,3.0,False,,False,True
85,0 days 01:31:42.611000,LEC,16,70.889,16.0,1.0,,,0 days 00:00:17.787000,0 days 00:00:31.570000,0 days 00:00:21.532000,0 days 01:30:49.497000,0 days 01:31:21.067000,0 days 01:31:42.599000,295.0,224.0,272.0,293.0,False,MEDIUM,16.0,True,Ferrari,0 days 01:30:31.722000,2025-06-29 13:37:24.515,1,3.0,False,,False,True
86,0 days 01:32:54.358000,LEC,16,71.747,17.0,1.0,,,0 days 00:00:18.284000,0 days 00:00:31.798000,0 days 00:00:21.665000,0 days 01:32:00.883000,0 days 01:32:32.681000,0 days 01:32:54.346000,,225.0,270.0,293.0,False,MEDIUM,17.0,True,Ferrari,0 days 01:31:42.611000,2025-06-29 13:38:35.404,1,3.0,True,TRACK LIMITS AT TURN 1 LAP 17 ,False,True
87,0 days 01:34:05.591000,LEC,16,71.233,18.0,1.0,,,0 days 00:00:17.843000,0 days 00:00:31.763000,0 days 00:00:21.627000,0 days 01:33:12.189000,0 days 01:33:43.952000,0 days 01:34:05.579000,296.0,224.0,273.0,292.0,False,MEDIUM,18.0,True,Ferrari,0 days 01:32:54.358000,2025-06-29 13:39:47.151,1,3.0,False,,False,True
88,0 days 01:35:16.713000,LEC,16,71.122,19.0,1.0,,,0 days 00:00:17.835000,0 days 00:00:31.670000,0 days 00:00:21.617000,0 days 01:34:23.414000,0 days 01:34:55.084000,0 days 01:35:16.701000,,225.0,273.0,295.0,False,MEDIUM,19.0,True,Ferrari,0 days 01:34:05.591000,2025-06-29 13:40:58.384,1,3.0,False,,False,True
89,0 days 01:36:27.637000,LEC,16,70.924,20.0,1.0,,,0 days 00:00:17.778000,0 days 00:00:31.581000,0 days 00:00:21.565000,0 days 01:35:34.479000,0 days 01:36:06.060000,0 days 01:36:27.625000,,225.0,272.0,294.0,False,MEDIUM,20.0,True,Ferrari,0 days 01:35:16.713000,2025-06-29 13:42:09.506,1,3.0,False,,False,True
90,0 days 01:37:38.680000,LEC,16,71.043,21.0,1.0,,,0 days 00:00:17.774000,0 days 00:00:31.633000,0 days 00:00:21.636000,0 days 01:36:45.399000,0 days 01:37:17.032000,0 days 01:37:38.668000,,223.0,271.0,295.0,False,MEDIUM,21.0,True,Ferrari,0 days 01:36:27.637000,2025-06-29 13:43:20.430,1,2.0,False,,False,True
91,0 days 01:38:49.883000,LEC,16,71.203,22.0,1.0,,,0 days 00:00:17.821000,0 days 00:00:31.726000,0 days 00:00:21.656000,0 days 01:37:56.489000,0 days 01:38:28.215000,0 days 01:38:49.871000,,224.0,271.0,293.0,False,MEDIUM,22.0,True,Ferrari,0 days 01:37:38.680000,2025-06-29 13:44:31.473,1,2.0,False,,False,True
92,0 days 01:40:01.103000,LEC,16,71.22,23.0,1.0,,,0 days 00:00:17.780000,0 days 00:00:31.689000,0 days 00:00:21.751000,0 days 01:39:07.651000,0 days 01:39:39.340000,0 days 01:40:01.091000,298.0,223.0,270.0,295.0,False,MEDIUM,23.0,True,Ferrari,0 days 01:38:49.883000,2025-06-29 13:45:42.676,1,2.0,False,,False,True
93,0 days 01:41:12.523000,LEC,16,71.42,24.0,1.0,,,0 days 00:00:17.917000,0 days 00:00:31.721000,0 days 00:00:21.782000,0 days 01:40:19.008000,0 days 01:40:50.729000,0 days 01:41:12.511000,,222.0,270.0,295.0,False,MEDIUM,24.0,True,Ferrari,0 days 01:40:01.103000,2025-06-29 13:46:53.896,1,2.0,False,,False,True
94,0 days 01:42:27.575000,LEC,16,75.052,25.0,1.0,,0 days 01:42:24.220000,0 days 00:00:17.949000,0 days 00:00:31.783000,0 days 00:00:25.320000,0 days 01:41:30.460000,0 days 01:42:02.243000,0 days 01:42:27.563000,296.0,222.0,,294.0,False,MEDIUM,25.0,True,Ferrari,0 days 01:41:12.523000,2025-06-29 13:48:05.316,1,2.0,False,,False,False
95,0 days 01:43:54.931000,LEC,16,87.356,26.0,2.0,0 days 01:42:45.583000,,0 days 00:00:34.352000,0 days 00:00:31.393000,0 days 00:00:21.611000,0 days 01:43:01.915000,0 days 01:43:33.308000,0 days 01:43:54.919000,295.0,223.0,280.0,295.0,False,HARD,1.0,True,Ferrari,0 days 01:42:27.575000,2025-06-29 13:49:20.368,1,6.0,False,,False,False
96,0 days 01:45:05.815000,LEC,16,70.884,27.0,2.0,,,0 days 00:00:17.275000,0 days 00:00:31.766000,0 days 00:00:21.843000,0 days 01:44:12.194000,0 days 01:44:43.960000,0 days 01:45:05.803000,317.0,225.0,276.0,305.0,False,HARD,2.0,True,Ferrari,0 days 01:43:54.931000,2025-06-29 13:50:47.724,1,4.0,False,,False,True
97,0 days 01:46:16.471000,LEC,16,70.656,28.0,2.0,,,0 days 00:00:17.457000,0 days 00:00:31.674000,0 days 00:00:21.525000,0 days 01:45:23.260000,0 days 01:45:54.934000,0 days 01:46:16.459000,307.0,227.0,273.0,296.0,False,HARD,3.0,True,Ferrari,0 days 01:45:05.815000,2025-06-29 13:51:58.608,1,3.0,False,,False,True
98,0 days 01:47:26.879000,LEC,16,70.408,29.0,2.0,,,0 days 00:00:17.733000,0 days 00:00:31.313000,0 days 00:00:21.362000,0 days 01:46:34.192000,0 days 01:47:05.505000,0 days 01:47:26.867000,294.0,225.0,274.0,292.0,False,HARD,4.0,True,Ferrari,0 days 01:46:16.471000,2025-06-29 13:53:09.264,1,3.0,False,,False,True
99,0 days 01:48:37.024000,LEC,16,70.145,30.0,2.0,,,0 days 00:00:17.632000,0 days 00:00:31.109000,0 days 00:00:21.404000,0 days 01:47:44.499000,0 days 01:48:15.608000,0 days 01:48:37.012000,295.0,227.0,273.0,293.0,False,HARD,5.0,True,Ferrari,0 days 01:47:26.879000,2025-06-29 13:54:19.672,12,3.0,False,,False,True
100,0 days 01:49:47.041000,LEC,16,70.017,31.0,2.0,,,0 days 00:00:17.535000,0 days 00:00:31.212000,0 days 00:00:21.270000,0 days 01:48:54.547000,0 days 01:49:25.759000,0 days 01:49:47.029000,297.0,227.0,273.0,292.0,False,HARD,6.0,True,Ferrari,0 days 01:48:37.024000,2025-06-29 13:55:29.817,1,3.0,False,,False,True
101,0 days 01:50:56.813000,LEC,16,69.772,32.0,2.0,,,0 days 00:00:17.612000,0 days 00:00:31.076000,0 days 00:00:21.084000,0 days 01:50:04.641000,0 days 01:50:35.717000,0 days 01:50:56.801000,299.0,231.0,274.0,293.0,True,HARD,7.0,True,Ferrari,0 days 01:49:47.041000,2025-06-29 13:56:39.834,1,3.0,False,,False,True
102,0 days 01:52:06.530000,LEC,16,69.717,33.0,2.0,,,0 days 00:00:17.649000,0 days 00:00:30.948000,0 days 00:00:21.120000,0 days 01:51:14.450000,0 days 01:51:45.398000,0 days 01:52:06.518000,298.0,230.0,273.0,294.0,True,HARD,8.0,True,Ferrari,0 days 01:50:56.813000,2025-06-29 13:57:49.606,1,3.0,False,,False,True
103,0 days 01:53:16.231000,LEC,16,69.701,34.0,2.0,,,0 days 00:00:17.542000,0 days 00:00:30.982000,0 days 00:00:21.177000,0 days 01:52:24.060000,0 days 01:52:55.042000,0 days 01:53:16.219000,,231.0,272.0,294.0,True,HARD,9.0,True,Ferrari,0 days 01:52:06.530000,2025-06-29 13:58:59.323,1,3.0,False,,False,True
104,0 days 01:54:25.877000,LEC,16,69.646,35.0,2.0,,,0 days 00:00:17.591000,0 days 00:00:30.932000,0 days 00:00:21.123000,0 days 01:53:33.810000,0 days 01:54:04.742000,0 days 01:54:25.865000,299.0,231.0,272.0,297.0,True,HARD,10.0,True,Ferrari,0 days 01:53:16.231000,2025-06-29 14:00:09.024,1,3.0,False,,False,True
105,0 days 01:55:35.554000,LEC,16,69.677,36.0,2.0,,,0 days 00:00:17.573000,0 days 00:00:31.019000,0 days 00:00:21.085000,0 days 01:54:43.438000,0 days 01:55:14.457000,0 days 01:55:35.542000,297.0,229.0,275.0,296.0,False,HARD,11.0,True,Ferrari,0 days 01:54:25.877000,2025-06-29 14:01:18.670,1,3.0,False,,False,True
106,0 days 01:56:44.893000,LEC,16,69.339,37.0,2.0,,,0 days 00:00:17.515000,0 days 00:00:30.843000,0 days 00:00:20.981000,0 days 01:55:53.057000,0 days 01:56:23.900000,0 days 01:56:44.881000,300.0,230.0,275.0,298.0,True,HARD,12.0,True,Ferrari,0 days 01:55:35.554000,2025-06-29 14:02:28.347,1,3.0,False,,False,True
107,0 days 01:57:54.255000,LEC,16,69.362,38.0,2.0,,,0 days 00:00:17.463000,0 days 00:00:30.875000,0 days 00:00:21.024000,0 days 01:57:02.344000,0 days 01:57:33.219000,0 days 01:57:54.243000,299.0,232.0,274.0,297.0,False,HARD,13.0,True,Ferrari,0 days 01:56:44.893000,2025-06-29 14:03:37.686,1,3.0,False,,False,True
108,0 days 01:59:03.756000,LEC,16,69.501,39.0,2.0,,,0 days 00:00:17.486000,0 days 00:00:30.942000,0 days 00:00:21.073000,0 days 01:58:11.729000,0 days 01:58:42.671000,0 days 01:59:03.744000,298.0,229.0,274.0,296.0,False,HARD,14.0,True,Ferrari,0 days 01:57:54.255000,2025-06-29 14:04:47.048,1,3.0,False,,False,True
109,0 days 02:00:13.372000,LEC,16,69.616,40.0,2.0,,,0 days 00:00:17.482000,0 days 00:00:30.952000,0 days 00:00:21.182000,0 days 01:59:21.226000,0 days 01:59:52.178000,0 days 02:00:13.360000,301.0,230.0,273.0,297.0,False,HARD,15.0,True,Ferrari,0 days 01:59:03.756000,2025-06-29 14:05:56.549,1,3.0,False,,False,True
110,0 days 02:01:23.136000,LEC,16,69.764,41.0,2.0,,,0 days 00:00:17.530000,0 days 00:00:31.072000,0 days 00:00:21.162000,0 days 02:00:30.890000,0 days 02:01:01.962000,0 days 02:01:23.124000,299.0,227.0,274.0,295.0,False,HARD,16.0,True,Ferrari,0 days 02:00:13.372000,2025-06-29 14:07:06.165,1,3.0,False,,False,True
111,0 days 02:02:32.915000,LEC,16,69.779,42.0,2.0,,,0 days 00:00:17.555000,0 days 00:00:31.170000,0 days 00:00:21.054000,0 days 02:01:40.679000,0 days 02:02:11.849000,0 days 02:02:32.903000,298.0,230.0,274.0,296.0,False,HARD,17.0,True,Ferrari,0 days 02:01:23.136000,2025-06-29 14:08:15.929,1,3.0,False,,False,True
112,0 days 02:03:42.634000,LEC,16,69.719,43.0,2.0,,,0 days 00:00:17.494000,0 days 00:00:31.050000,0 days 00:00:21.175000,0 days 02:02:50.397000,0 days 02:03:21.447000,0 days 02:03:42.622000,301.0,229.0,273.0,297.0,False,HARD,18.0,True,Ferrari,0 days 02:02:32.915000,2025-06-29 14:09:25.708,1,3.0,False,,False,True
113,0 days 02:04:52.448000,LEC,16,69.814,44.0,2.0,,,0 days 00:00:17.556000,0 days 00:00:31.055000,0 days 00:00:21.203000,0 days 02:04:00.178000,0 days 02:04:31.233000,0 days 02:04:52.436000,303.0,230.0,274.0,297.0,False,HARD,19.0,True,Ferrari,0 days 02:03:42.634000,2025-06-29 14:10:35.427,1,3.0,False,,False,True
114,0 days 02:06:02.427000,LEC,16,69.979,45.0,2.0,,,0 days 00:00:17.567000,0 days 00:00:31.184000,0 days 00:00:21.228000,0 days 02:05:10.003000,0 days 02:05:41.187000,0 days 02:06:02.415000,302.0,228.0,275.0,295.0,False,HARD,20.0,True,Ferrari,0 days 02:04:52.448000,2025-06-29 14:11:45.241,1,3.0,False,,False,True
115,0 days 02:07:12.351000,LEC,16,69.924,46.0,2.0,,,0 days 00:00:17.446000,0 days 00:00:31.204000,0 days 00:00:21.274000,0 days 02:06:19.861000,0 days 02:06:51.065000,0 days 02:07:12.339000,305.0,230.0,274.0,298.0,False,HARD,21.0,True,Ferrari,0 days 02:06:02.427000,2025-06-29 14:12:55.220,1,3.0,False,,False,True
116,0 days 02:08:22.238000,LEC,16,69.887,47.0,2.0,,,0 days 00:00:17.591000,0 days 00:00:31.034000,0 days 00:00:21.262000,0 days 02:07:29.930000,0 days 02:08:00.964000,0 days 02:08:22.226000,304.0,233.0,279.0,301.0,False,HARD,22.0,True,Ferrari,0 days 02:07:12.351000,2025-06-29 14:14:05.144,1,3.0,False,,False,True
117,0 days 02:09:31.997000,LEC,16,69.759,48.0,2.0,,,0 days 00:00:17.349000,0 days 00:00:31.057000,0 days 00:00:21.353000,0 days 02:08:39.575000,0 days 02:09:10.632000,0 days 02:09:31.985000,314.0,230.0,273.0,295.0,False,HARD,23.0,True,Ferrari,0 days 02:08:22.238000,2025-06-29 14:15:15.031,1,3.0,False,,False,True
118,0 days 02:10:45.881000,LEC,16,73.884,49.0,2.0,,0 days 02:10:42.750000,0 days 00:00:17.518000,0 days 00:00:31.160000,0 days 00:00:25.206000,0 days 02:09:49.503000,0 days 02:10:20.663000,0 days 02:10:45.869000,304.0,227.0,,298.0,False,HARD,24.0,True,Ferrari,0 days 02:09:31.997000,2025-06-29 14:16:24.790,1,3.0,False,,False,False
119,0 days 02:12:13.230000,LEC,16,87.349,50.0,3.0,0 days 02:11:04.038000,,0 days 00:00:34.743000,0 days 00:00:31.269000,0 days 00:00:21.337000,0 days 02:11:20.612000,0 days 02:11:51.881000,0 days 02:12:13.218000,295.0,226.0,272.0,289.0,False,MEDIUM,1.0,True,Ferrari,0 days 02:10:45.881000,2025-06-29 14:17:38.674,1,4.0,False,,False,False
120,0 days 02:13:22.763000,LEC,16,69.533,51.0,3.0,,,0 days 00:00:17.588000,0 days 00:00:30.853000,0 days 00:00:21.092000,0 days 02:12:30.806000,0 days 02:13:01.659000,0 days 02:13:22.751000,294.0,230.0,274.0,292.0,False,MEDIUM,2.0,True,Ferrari,0 days 02:12:13.230000,2025-06-29 14:19:06.023,1,3.0,False,,False,True
121,0 days 02:14:32.185000,LEC,16,69.422,52.0,3.0,,,0 days 00:00:17.507000,0 days 00:00:30.743000,0 days 00:00:21.172000,0 days 02:13:40.258000,0 days 02:14:11.001000,0 days 02:14:32.173000,300.0,230.0,273.0,300.0,False,MEDIUM,3.0,True,Ferrari,0 days 02:13:22.763000,2025-06-29 14:20:15.556,1,3.0,False,,False,True
122,0 days 02:15:41.529000,LEC,16,69.344,53.0,3.0,,,0 days 00:00:17.492000,0 days 00:00:30.862000,0 days 00:00:20.990000,0 days 02:14:49.665000,0 days 02:15:20.527000,0 days 02:15:41.517000,299.0,231.0,275.0,297.0,False,MEDIUM,4.0,True,Ferrari,0 days 02:14:32.185000,2025-06-29 14:21:24.978,1,3.0,False,,False,True
123,0 days 02:16:50.557000,LEC,16,69.028,54.0,3.0,,,0 days 00:00:17.457000,0 days 00:00:30.708000,0 days 00:00:20.863000,0 days 02:15:58.974000,0 days 02:16:29.682000,0 days 02:16:50.545000,297.0,229.0,275.0,296.0,True,MEDIUM,5.0,True,Ferrari,0 days 02:15:41.529000,2025-06-29 14:22:34.322,1,3.0,False,,False,True
124,0 days 02:17:59.527000,LEC,16,68.97,55.0,3.0,,,0 days 00:00:17.437000,0 days 00:00:30.691000,0 days 00:00:20.842000,0 days 02:17:07.982000,0 days 02:17:38.673000,0 days 02:17:59.515000,295.0,231.0,276.0,295.0,True,MEDIUM,6.0,True,Ferrari,0 days 02:16:50.557000,2025-06-29 14:23:43.350,1,3.0,False,,False,True
125,0 days 02:19:08.292000,LEC,16,68.765,56.0,3.0,,,0 days 00:00:17.378000,0 days 00:00:30.590000,0 days 00:00:20.797000,0 days 02:18:16.893000,0 days 02:18:47.483000,0 days 02:19:08.280000,299.0,235.0,276.0,299.0,True,MEDIUM,7.0,True,Ferrari,0 days 02:17:59.527000,2025-06-29 14:24:52.320,1,3.0,False,,False,True
126,0 days 02:20:17.097000,LEC,16,68.805,57.0,3.0,,,0 days 00:00:17.387000,0 days 00:00:30.581000,0 days 00:00:20.837000,0 days 02:19:25.667000,0 days 02:19:56.248000,0 days 02:20:17.085000,298.0,231.0,276.0,297.0,False,MEDIUM,8.0,True,Ferrari,0 days 02:19:08.292000,2025-06-29 14:26:01.085,1,3.0,False,,False,True
127,0 days 02:21:25.936000,LEC,16,68.839,58.0,3.0,,,0 days 00:00:17.249000,0 days 00:00:30.630000,0 days 00:00:20.960000,0 days 02:20:34.334000,0 days 02:21:04.964000,0 days 02:21:25.924000,303.0,234.0,277.0,301.0,False,MEDIUM,9.0,True,Ferrari,0 days 02:20:17.097000,2025-06-29 14:27:09.890,1,3.0,False,,False,True
128,0 days 02:22:34.872000,LEC,16,68.936,59.0,3.0,,,0 days 00:00:17.364000,0 days 00:00:30.627000,0 days 00:00:20.945000,0 days 02:21:43.288000,0 days 02:22:13.915000,0 days 02:22:34.860000,300.0,231.0,278.0,297.0,False,MEDIUM,10.0,True,Ferrari,0 days 02:21:25.936000,2025-06-29 14:28:18.729,1,3.0,False,,False,True
129,0 days 02:23:43.912000,LEC,16,69.04,60.0,3.0,,,0 days 00:00:17.367000,0 days 00:00:30.804000,0 days 00:00:20.869000,0 days 02:22:52.227000,0 days 02:23:23.031000,0 days 02:23:43.900000,298.0,233.0,277.0,295.0,False,MEDIUM,11.0,True,Ferrari,0 days 02:22:34.872000,2025-06-29 14:29:27.665,1,3.0,False,,False,True
130,0 days 02:24:52.723000,LEC,16,68.811,61.0,3.0,,,0 days 00:00:17.423000,0 days 00:00:30.605000,0 days 00:00:20.783000,0 days 02:24:01.323000,0 days 02:24:31.928000,0 days 02:24:52.711000,302.0,232.0,276.0,299.0,False,MEDIUM,12.0,True,Ferrari,0 days 02:23:43.912000,2025-06-29 14:30:36.705,1,3.0,False,,False,True
131,0 days 02:26:01.573000,LEC,16,68.85,62.0,3.0,,,0 days 00:00:17.347000,0 days 00:00:30.612000,0 days 00:00:20.891000,0 days 02:25:10.058000,0 days 02:25:40.670000,0 days 02:26:01.561000,300.0,230.0,276.0,294.0,False,MEDIUM,13.0,True,Ferrari,0 days 02:24:52.723000,2025-06-29 14:31:45.516,1,3.0,False,,False,True
132,0 days 02:27:10.939000,LEC,16,69.366,63.0,3.0,,,0 days 00:00:17.379000,0 days 00:00:30.779000,0 days 00:00:21.208000,0 days 02:26:18.940000,0 days 02:26:49.719000,0 days 02:27:10.927000,304.0,231.0,281.0,300.0,False,MEDIUM,14.0,True,Ferrari,0 days 02:26:01.573000,2025-06-29 14:32:54.366,1,3.0,False,,False,True
133,0 days 02:28:20.206000,LEC,16,69.267,64.0,3.0,,,0 days 00:00:17.416000,0 days 00:00:30.862000,0 days 00:00:20.989000,0 days 02:27:28.343000,0 days 02:27:59.205000,0 days 02:28:20.194000,295.0,229.0,276.0,294.0,False,MEDIUM,15.0,True,Ferrari,0 days 02:27:10.939000,2025-06-29 14:34:03.732,1,3.0,False,,False,True
134,0 days 02:29:29.469000,LEC,16,69.263,65.0,3.0,,,0 days 00:00:17.454000,0 days 00:00:30.836000,0 days 00:00:20.973000,0 days 02:28:37.648000,0 days 02:29:08.484000,0 days 02:29:29.457000,297.0,230.0,277.0,297.0,False,MEDIUM,16.0,True,Ferrari,0 days 02:28:20.206000,2025-06-29 14:35:12.999,1,3.0,False,,False,True
135,0 days 02:30:38.647000,LEC,16,69.178,66.0,3.0,,,0 days 00:00:17.393000,0 days 00:00:30.784000,0 days 00:00:21.001000,0 days 02:29:46.850000,0 days 02:30:17.634000,0 days 02:30:38.635000,300.0,231.0,277.0,298.0,False,MEDIUM,17.0,True,Ferrari,0 days 02:29:29.469000,2025-06-29 14:36:22.262,1,3.0,False,,False,True
136,0 days 02:31:48.663000,LEC,16,70.016,67.0,3.0,,,0 days 00:00:17.489000,0 days 00:00:31.191000,0 days 00:00:21.336000,0 days 02:30:56.124000,0 days 02:31:27.315000,0 days 02:31:48.651000,299.0,228.0,275.0,298.0,False,MEDIUM,18.0,True,Ferrari,0 days 02:30:38.647000,2025-06-29 14:37:31.440,1,3.0,False,,False,True
137,0 days 02:32:57.951000,LEC,16,69.288,68.0,3.0,,,0 days 00:00:17.489000,0 days 00:00:30.865000,0 days 00:00:20.934000,,0 days 02:32:37.005000,0 days 02:32:57.939000,301.0,231.0,276.0,297.0,False,MEDIUM,19.0,True,Ferrari,0 days 02:31:48.663000,2025-06-29 14:38:41.456,1,3.0,False,,False,True
138,0 days 02:34:07.072000,LEC,16,69.121,69.0,3.0,,,0 days 00:00:17.375000,0 days 00:00:30.807000,0 days 00:00:20.939000,0 days 02:33:15.314000,0 days 02:33:46.121000,0 days 02:34:07.060000,298.0,229.0,277.0,297.0,False,MEDIUM,20.0,True,Ferrari,0 days 02:32:57.951000,2025-06-29 14:39:50.744,1,3.0,False,,False,True
139,0 days 02:35:16.098000,LEC,16,69.026,70.0,3.0,,,0 days 00:00:17.339000,0 days 00:00:30.724000,0 days 00:00:20.963000,0 days 02:34:24.399000,0 days 02:34:55.123000,0 days 02:35:16.086000,307.0,230.0,276.0,297.0,False,MEDIUM,21.0,True,Ferrari,0 days 02:34:07.072000,2025-06-29 14:40:59.865,1,3.0,False,,False,True
140,0 days 01:12:39.291000,PIA,81,,1.0,1.0,,,,0 days 00:00:31.807000,0 days 00:00:38.205000,,0 days 01:12:01.211000,0 days 01:12:39.419000,305.0,231.0,238.0,292.0,False,MEDIUM,1.0,True,McLaren,0 days 01:11:08.287000,2025-06-29 13:18:01.080,124,5.0,False,,False,False
141,0 days 01:14:32.799000,PIA,81,113.508,2.0,1.0,,,0 days 00:00:26.102000,0 days 00:00:53.522000,0 days 00:00:33.884000,0 days 01:13:05.385000,0 days 01:13:58.907000,0 days 01:14:32.791000,146.0,157.0,196.0,125.0,True,MEDIUM,2.0,True,McLaren,0 days 01:12:39.291000,2025-06-29 13:19:32.084,4,2.0,False,,False,False
142,0 days 01:16:25.436000,PIA,81,112.637,3.0,1.0,,,0 days 00:00:26.757000,0 days 00:00:50.158000,0 days 00:00:35.722000,0 days 01:14:59.548000,0 days 01:15:49.706000,0 days 01:16:25.428000,189.0,172.0,274.0,159.0,True,MEDIUM,3.0,True,McLaren,0 days 01:14:32.799000,2025-06-29 13:21:25.592,41,2.0,False,,False,False
143,0 days 01:17:35.963000,PIA,81,70.527,4.0,1.0,,,0 days 00:00:17.676000,0 days 00:00:31.464000,0 days 00:00:21.387000,0 days 01:16:43.104000,0 days 01:17:14.568000,0 days 01:17:35.955000,297.0,230.0,274.0,293.0,True,MEDIUM,4.0,True,McLaren,0 days 01:16:25.436000,2025-06-29 13:23:18.229,1,2.0,False,,False,True
144,0 days 01:18:45.900000,PIA,81,69.937,5.0,1.0,,,0 days 00:00:17.389000,0 days 00:00:31.227000,0 days 00:00:21.321000,0 days 01:17:53.344000,0 days 01:18:24.571000,0 days 01:18:45.892000,311.0,229.0,281.0,304.0,True,MEDIUM,5.0,True,McLaren,0 days 01:17:35.963000,2025-06-29 13:24:28.756,1,2.0,False,,False,True
145,0 days 01:19:55.240000,PIA,81,69.34,6.0,1.0,,,0 days 00:00:17.162000,0 days 00:00:31.155000,0 days 00:00:21.023000,0 days 01:19:03.054000,0 days 01:19:34.209000,0 days 01:19:55.232000,312.0,229.0,281.0,316.0,True,MEDIUM,6.0,True,McLaren,0 days 01:18:45.900000,2025-06-29 13:25:38.693,1,2.0,False,,False,True
146,0 days 01:21:04.685000,PIA,81,69.445,7.0,1.0,,,0 days 00:00:17.179000,0 days 00:00:31.136000,0 days 00:00:21.130000,0 days 01:20:12.411000,0 days 01:20:43.547000,0 days 01:21:04.677000,310.0,228.0,280.0,304.0,False,MEDIUM,7.0,True,McLaren,0 days 01:19:55.240000,2025-06-29 13:26:48.033,1,2.0,False,,False,True
147,0 days 01:22:14.139000,PIA,81,69.454,8.0,1.0,,,0 days 00:00:17.181000,0 days 00:00:31.147000,0 days 00:00:21.126000,0 days 01:21:21.858000,0 days 01:21:53.005000,0 days 01:22:14.131000,312.0,226.0,280.0,306.0,False,MEDIUM,8.0,True,McLaren,0 days 01:21:04.685000,2025-06-29 13:27:57.478,1,2.0,False,,False,True
148,0 days 01:23:23.410000,PIA,81,69.271,9.0,1.0,,,0 days 00:00:17.212000,0 days 00:00:30.935000,0 days 00:00:21.124000,0 days 01:22:31.343000,0 days 01:23:02.278000,0 days 01:23:23.402000,316.0,229.0,280.0,309.0,True,MEDIUM,9.0,True,McLaren,0 days 01:22:14.139000,2025-06-29 13:29:06.932,1,2.0,False,,False,True
149,0 days 01:24:33.259000,PIA,81,69.849,10.0,1.0,,,0 days 00:00:17.286000,0 days 00:00:31.203000,0 days 00:00:21.360000,0 days 01:23:40.688000,0 days 01:24:11.891000,0 days 01:24:33.251000,315.0,229.0,278.0,316.0,False,MEDIUM,10.0,True,McLaren,0 days 01:23:23.410000,2025-06-29 13:30:16.203,1,2.0,False,,False,True
150,0 days 01:25:44.267000,PIA,81,71.008,11.0,1.0,,,0 days 00:00:17.251000,0 days 00:00:32.143000,0 days 00:00:21.614000,0 days 01:24:50.502000,0 days 01:25:22.645000,0 days 01:25:44.259000,319.0,224.0,279.0,291.0,False,MEDIUM,11.0,True,McLaren,0 days 01:24:33.259000,2025-06-29 13:31:26.052,1,2.0,False,,False,True
151,0 days 01:26:54.708000,PIA,81,70.441,12.0,1.0,,,0 days 00:00:17.481000,0 days 00:00:31.496000,0 days 00:00:21.464000,0 days 01:26:01.740000,0 days 01:26:33.236000,0 days 01:26:54.700000,311.0,225.0,279.0,307.0,False,MEDIUM,12.0,True,McLaren,0 days 01:25:44.267000,2025-06-29 13:32:37.060,1,2.0,False,,False,True
152,0 days 01:28:04.703000,PIA,81,69.995,13.0,1.0,,,0 days 00:00:17.366000,0 days 00:00:31.305000,0 days 00:00:21.324000,0 days 01:27:12.066000,0 days 01:27:43.371000,0 days 01:28:04.695000,,228.0,279.0,307.0,False,MEDIUM,13.0,True,McLaren,0 days 01:26:54.708000,2025-06-29 13:33:47.501,1,2.0,False,,False,True
153,0 days 01:29:15.383000,PIA,81,70.68,14.0,1.0,,,0 days 00:00:17.409000,0 days 00:00:31.460000,0 days 00:00:21.811000,0 days 01:28:22.104000,0 days 01:28:53.564000,0 days 01:29:15.375000,,225.0,275.0,305.0,False,MEDIUM,14.0,True,McLaren,0 days 01:28:04.703000,2025-06-29 13:34:57.496,1,2.0,False,,False,True
154,0 days 01:30:27.131000,PIA,81,71.748,15.0,1.0,,,0 days 00:00:17.873000,0 days 00:00:32.101000,0 days 00:00:21.774000,0 days 01:29:33.248000,0 days 01:30:05.349000,0 days 01:30:27.123000,322.0,225.0,277.0,314.0,False,MEDIUM,15.0,True,McLaren,0 days 01:29:15.383000,2025-06-29 13:36:08.176,1,2.0,False,,False,True
155,0 days 01:31:38.020000,PIA,81,70.889,16.0,1.0,,,0 days 00:00:17.552000,0 days 00:00:31.746000,0 days 00:00:21.591000,0 days 01:30:44.675000,0 days 01:31:16.421000,0 days 01:31:38.012000,310.0,223.0,278.0,309.0,False,MEDIUM,16.0,True,McLaren,0 days 01:30:27.131000,2025-06-29 13:37:19.924,1,2.0,False,,False,True
156,0 days 01:32:49.084000,PIA,81,71.064,17.0,1.0,,,0 days 00:00:17.518000,0 days 00:00:31.763000,0 days 00:00:21.783000,0 days 01:31:55.530000,0 days 01:32:27.293000,0 days 01:32:49.076000,313.0,225.0,275.0,308.0,False,MEDIUM,17.0,True,McLaren,0 days 01:31:38.020000,2025-06-29 13:38:30.813,1,2.0,False,,False,True
157,0 days 01:33:59.793000,PIA,81,70.709,18.0,1.0,,,0 days 00:00:17.586000,0 days 00:00:31.515000,0 days 00:00:21.608000,0 days 01:33:06.662000,0 days 01:33:38.177000,0 days 01:33:59.785000,,223.0,280.0,307.0,False,MEDIUM,18.0,True,McLaren,0 days 01:32:49.084000,2025-06-29 13:39:41.877,1,2.0,False,,False,True
158,0 days 01:35:10.656000,PIA,81,70.863,19.0,1.0,,,0 days 00:00:17.397000,0 days 00:00:31.819000,0 days 00:00:21.647000,0 days 01:34:17.182000,0 days 01:34:49.001000,0 days 01:35:10.648000,,225.0,280.0,304.0,False,MEDIUM,19.0,True,McLaren,0 days 01:33:59.793000,2025-06-29 13:40:52.586,1,2.0,False,,False,True
159,0 days 01:36:21.607000,PIA,81,70.951,20.0,1.0,,,0 days 00:00:17.417000,0 days 00:00:31.848000,0 days 00:00:21.686000,0 days 01:35:28.065000,0 days 01:35:59.913000,0 days 01:36:21.599000,314.0,225.0,278.0,317.0,False,MEDIUM,20.0,True,McLaren,0 days 01:35:10.656000,2025-06-29 13:42:03.449,1,1.0,False,,False,True
160,0 days 01:37:32.231000,PIA,81,70.624,21.0,1.0,,,0 days 00:00:17.688000,0 days 00:00:31.514000,0 days 00:00:21.422000,0 days 01:36:39.287000,0 days 01:37:10.801000,0 days 01:37:32.223000,293.0,225.0,272.0,292.0,False,MEDIUM,21.0,True,McLaren,0 days 01:36:21.607000,2025-06-29 13:43:14.400,1,1.0,False,,False,True
161,0 days 01:38:43.169000,PIA,81,70.938,22.0,1.0,,,0 days 00:00:17.796000,0 days 00:00:31.706000,0 days 00:00:21.436000,0 days 01:37:50.019000,0 days 01:38:21.725000,0 days 01:38:43.161000,,224.0,272.0,291.0,False,MEDIUM,22.0,True,McLaren,0 days 01:37:32.231000,2025-06-29 13:44:25.024,1,1.0,False,,False,True
162,0 days 01:39:54.418000,PIA,81,71.249,23.0,1.0,,,0 days 00:00:17.873000,0 days 00:00:31.797000,0 days 00:00:21.579000,0 days 01:39:01.034000,0 days 01:39:32.831000,0 days 01:39:54.410000,299.0,225.0,271.0,293.0,False,MEDIUM,23.0,True,McLaren,0 days 01:38:43.169000,2025-06-29 13:45:35.962,1,1.0,False,,False,True
163,0 days 01:41:09.146000,PIA,81,74.728,24.0,1.0,,0 days 01:41:05.817000,0 days 00:00:17.939000,0 days 00:00:31.898000,0 days 00:00:24.891000,0 days 01:40:12.349000,0 days 01:40:44.247000,0 days 01:41:09.138000,295.0,223.0,,291.0,False,MEDIUM,24.0,True,McLaren,0 days 01:39:54.418000,2025-06-29 13:46:47.211,1,1.0,False,,False,False
164,0 days 01:42:37.475000,PIA,81,88.329,25.0,2.0,0 days 01:41:28.494000,,0 days 00:00:35.618000,0 days 00:00:31.405000,0 days 00:00:21.306000,0 days 01:41:44.756000,0 days 01:42:16.161000,0 days 01:42:37.467000,297.0,230.0,272.0,293.0,False,HARD,1.0,True,McLaren,0 days 01:41:09.146000,2025-06-29 13:48:01.939,1,4.0,False,,False,False
165,0 days 01:43:47.329000,PIA,81,69.854,26.0,2.0,,,0 days 00:00:17.629000,0 days 00:00:31.074000,0 days 00:00:21.151000,0 days 01:42:55.096000,0 days 01:43:26.170000,0 days 01:43:47.321000,295.0,229.0,274.0,291.0,False,HARD,2.0,True,McLaren,0 days 01:42:37.475000,2025-06-29 13:49:30.268,1,3.0,False,,False,True
166,0 days 01:44:56.849000,PIA,81,69.52,27.0,2.0,,,0 days 00:00:17.599000,0 days 00:00:30.871000,0 days 00:00:21.050000,0 days 01:44:04.920000,0 days 01:44:35.791000,0 days 01:44:56.841000,298.0,232.0,273.0,293.0,False,HARD,3.0,True,McLaren,0 days 01:43:47.329000,2025-06-29 13:50:40.122,1,2.0,False,,False,True
167,0 days 01:46:06.368000,PIA,81,69.519,28.0,2.0,,,0 days 00:00:17.513000,0 days 00:00:30.908000,0 days 00:00:21.098000,0 days 01:45:14.354000,0 days 01:45:45.262000,0 days 01:46:06.360000,295.0,230.0,274.0,290.0,False,HARD,4.0,True,McLaren,0 days 01:44:56.849000,2025-06-29 13:51:49.642,1,2.0,False,,False,True
168,0 days 01:47:15.802000,PIA,81,69.434,29.0,2.0,,,0 days 00:00:17.537000,0 days 00:00:30.968000,0 days 00:00:20.929000,0 days 01:46:23.897000,0 days 01:46:54.865000,0 days 01:47:15.794000,298.0,231.0,276.0,293.0,False,HARD,5.0,True,McLaren,0 days 01:46:06.368000,2025-06-29 13:52:59.161,1,2.0,False,,False,True
169,0 days 01:48:25.145000,PIA,81,69.343,30.0,2.0,,,0 days 00:00:17.496000,0 days 00:00:30.865000,0 days 00:00:20.982000,0 days 01:47:33.290000,0 days 01:48:04.155000,0 days 01:48:25.137000,,232.0,275.0,294.0,False,HARD,6.0,True,McLaren,0 days 01:47:15.802000,2025-06-29 13:54:08.595,1,2.0,False,,False,True
170,0 days 01:49:34.493000,PIA,81,69.348,31.0,2.0,,,0 days 00:00:17.455000,0 days 00:00:31.023000,0 days 00:00:20.870000,0 days 01:48:42.592000,0 days 01:49:13.615000,0 days 01:49:34.485000,299.0,233.0,275.0,295.0,False,HARD,7.0,True,McLaren,0 days 01:48:25.145000,2025-06-29 13:55:17.938,12,2.0,False,,False,True
171,0 days 01:50:43.942000,PIA,81,69.449,32.0,2.0,,,0 days 00:00:17.574000,0 days 00:00:31.044000,0 days 00:00:20.831000,0 days 01:49:52.059000,0 days 01:50:23.103000,0 days 01:50:43.934000,300.0,231.0,276.0,292.0,False,HARD,8.0,True,McLaren,0 days 01:49:34.493000,2025-06-29 13:56:27.286,1,2.0,False,,False,True
172,0 days 01:51:53.382000,PIA,81,69.44,33.0,2.0,,,0 days 00:00:17.580000,0 days 00:00:31.029000,0 days 00:00:20.831000,0 days 01:51:01.514000,0 days 01:51:32.543000,0 days 01:51:53.374000,301.0,233.0,276.0,294.0,False,HARD,9.0,True,McLaren,0 days 01:50:43.942000,2025-06-29 13:57:36.735,1,2.0,False,,False,True
173,0 days 01:53:02.578000,PIA,81,69.196,34.0,2.0,,,0 days 00:00:17.437000,0 days 00:00:30.928000,0 days 00:00:20.831000,0 days 01:52:10.811000,0 days 01:52:41.739000,0 days 01:53:02.570000,299.0,234.0,274.0,294.0,True,HARD,10.0,True,McLaren,0 days 01:51:53.382000,2025-06-29 13:58:46.175,1,2.0,False,,False,True
174,0 days 01:54:12.021000,PIA,81,69.443,35.0,2.0,,,0 days 00:00:17.536000,0 days 00:00:31.012000,0 days 00:00:20.895000,0 days 01:53:20.106000,0 days 01:53:51.118000,0 days 01:54:12.013000,296.0,232.0,274.0,293.0,False,HARD,11.0,True,McLaren,0 days 01:53:02.578000,2025-06-29 13:59:55.371,1,2.0,False,,False,True
175,0 days 01:55:21.481000,PIA,81,69.46,36.0,2.0,,,0 days 00:00:17.570000,0 days 00:00:31.034000,0 days 00:00:20.856000,0 days 01:54:29.583000,0 days 01:55:00.617000,0 days 01:55:21.473000,300.0,236.0,275.0,296.0,False,HARD,12.0,True,McLaren,0 days 01:54:12.021000,2025-06-29 14:01:04.814,1,2.0,False,,False,True
176,0 days 01:56:30.963000,PIA,81,69.482,37.0,2.0,,,0 days 00:00:17.525000,0 days 00:00:30.991000,0 days 00:00:20.966000,0 days 01:55:38.998000,0 days 01:56:09.989000,0 days 01:56:30.955000,,233.0,276.0,295.0,False,HARD,13.0,True,McLaren,0 days 01:55:21.481000,2025-06-29 14:02:14.274,1,2.0,False,,False,True
177,0 days 01:57:40.236000,PIA,81,69.273,38.0,2.0,,,0 days 00:00:17.492000,0 days 00:00:30.864000,0 days 00:00:20.917000,0 days 01:56:48.447000,0 days 01:57:19.311000,0 days 01:57:40.228000,299.0,235.0,276.0,296.0,False,HARD,14.0,True,McLaren,0 days 01:56:30.963000,2025-06-29 14:03:23.756,1,2.0,False,,False,True
178,0 days 01:58:49.673000,PIA,81,69.437,39.0,2.0,,,0 days 00:00:17.444000,0 days 00:00:30.987000,0 days 00:00:21.006000,0 days 01:57:57.672000,0 days 01:58:28.659000,0 days 01:58:49.665000,301.0,235.0,274.0,297.0,False,HARD,15.0,True,McLaren,0 days 01:57:40.236000,2025-06-29 14:04:33.029,1,2.0,False,,False,True
179,0 days 01:59:59.310000,PIA,81,69.637,40.0,2.0,,,0 days 00:00:17.491000,0 days 00:00:31.151000,0 days 00:00:20.995000,0 days 01:59:07.156000,0 days 01:59:38.307000,0 days 01:59:59.302000,302.0,233.0,275.0,296.0,False,HARD,16.0,True,McLaren,0 days 01:58:49.673000,2025-06-29 14:05:42.466,1,2.0,False,,False,True
180,0 days 02:01:09.047000,PIA,81,69.737,41.0,2.0,,,0 days 00:00:17.496000,0 days 00:00:31.248000,0 days 00:00:20.993000,0 days 02:00:16.798000,0 days 02:00:48.046000,0 days 02:01:09.039000,300.0,230.0,275.0,294.0,False,HARD,17.0,True,McLaren,0 days 01:59:59.310000,2025-06-29 14:06:52.103,1,2.0,False,,False,True
181,0 days 02:02:18.847000,PIA,81,69.8,42.0,2.0,,,0 days 00:00:17.618000,0 days 00:00:31.165000,0 days 00:00:21.017000,0 days 02:01:26.657000,0 days 02:01:57.822000,0 days 02:02:18.839000,299.0,235.0,275.0,298.0,False,HARD,18.0,True,McLaren,0 days 02:01:09.047000,2025-06-29 14:08:01.840,1,2.0,False,,False,True
182,0 days 02:03:28.950000,PIA,81,70.103,43.0,2.0,,,0 days 00:00:17.530000,0 days 00:00:31.252000,0 days 00:00:21.321000,0 days 02:02:36.369000,0 days 02:03:07.621000,0 days 02:03:28.942000,,230.0,275.0,297.0,False,HARD,19.0,True,McLaren,0 days 02:02:18.847000,2025-06-29 14:09:11.640,1,2.0,False,,False,True
183,0 days 02:04:38.664000,PIA,81,69.714,44.0,2.0,,,0 days 00:00:17.315000,0 days 00:00:31.233000,0 days 00:00:21.166000,0 days 02:03:46.257000,0 days 02:04:17.490000,0 days 02:04:38.656000,321.0,231.0,275.0,297.0,False,HARD,20.0,True,McLaren,0 days 02:03:28.950000,2025-06-29 14:10:21.743,1,2.0,False,,False,True
184,0 days 02:05:48.815000,PIA,81,70.151,45.0,2.0,,,0 days 00:00:17.569000,0 days 00:00:31.486000,0 days 00:00:21.096000,0 days 02:04:56.225000,0 days 02:05:27.711000,0 days 02:05:48.807000,303.0,229.0,276.0,297.0,False,HARD,21.0,True,McLaren,0 days 02:04:38.664000,2025-06-29 14:11:31.457,1,2.0,False,,False,True
185,0 days 02:06:58.863000,PIA,81,70.048,46.0,2.0,,,0 days 00:00:17.488000,0 days 00:00:31.348000,0 days 00:00:21.212000,0 days 02:06:06.295000,0 days 02:06:37.643000,0 days 02:06:58.855000,,230.0,275.0,301.0,False,HARD,22.0,True,McLaren,0 days 02:05:48.815000,2025-06-29 14:12:41.608,1,2.0,False,,False,True
186,0 days 02:08:08.334000,PIA,81,69.471,47.0,2.0,,,0 days 00:00:17.568000,0 days 00:00:30.916000,0 days 00:00:20.987000,0 days 02:07:16.423000,0 days 02:07:47.339000,0 days 02:08:08.326000,305.0,232.0,276.0,316.0,False,HARD,23.0,True,McLaren,0 days 02:06:58.863000,2025-06-29 14:13:51.656,1,2.0,False,,False,True
187,0 days 02:09:18.955000,PIA,81,70.621,48.0,2.0,,,0 days 00:00:18.105000,0 days 00:00:31.327000,0 days 00:00:21.189000,0 days 02:08:26.431000,0 days 02:08:57.758000,0 days 02:09:18.947000,300.0,231.0,275.0,295.0,False,HARD,24.0,True,McLaren,0 days 02:08:08.334000,2025-06-29 14:15:01.127,1,2.0,True,TRACK LIMITS AT TURN 1 LAP 48 ,False,True
188,0 days 02:10:29.155000,PIA,81,70.2,49.0,2.0,,,0 days 00:00:17.631000,0 days 00:00:31.347000,0 days 00:00:21.222000,0 days 02:09:36.578000,0 days 02:10:07.925000,0 days 02:10:29.147000,,232.0,275.0,296.0,False,HARD,25.0,True,McLaren,0 days 02:09:18.955000,2025-06-29 14:16:11.748,1,2.0,False,,False,True
189,0 days 02:11:39.228000,PIA,81,70.073,50.0,2.0,,,0 days 00:00:17.574000,0 days 00:00:31.330000,0 days 00:00:21.169000,0 days 02:10:46.721000,0 days 02:11:18.051000,0 days 02:11:39.220000,299.0,227.0,275.0,297.0,False,HARD,26.0,True,McLaren,0 days 02:10:29.155000,2025-06-29 14:17:21.948,1,2.0,False,,False,True
190,0 days 02:12:49.342000,PIA,81,70.114,51.0,2.0,,,0 days 00:00:17.586000,0 days 00:00:31.343000,0 days 00:00:21.185000,0 days 02:11:56.806000,0 days 02:12:28.149000,0 days 02:12:49.334000,303.0,230.0,274.0,298.0,False,HARD,27.0,True,McLaren,0 days 02:11:39.228000,2025-06-29 14:18:32.021,1,2.0,False,,False,True
191,0 days 02:13:59.356000,PIA,81,70.014,52.0,2.0,,,0 days 00:00:17.569000,0 days 00:00:31.323000,0 days 00:00:21.122000,0 days 02:13:06.903000,0 days 02:13:38.226000,0 days 02:13:59.348000,301.0,228.0,275.0,299.0,False,HARD,28.0,True,McLaren,0 days 02:12:49.342000,2025-06-29 14:19:42.135,1,1.0,False,,False,True
192,0 days 02:15:12.394000,PIA,81,73.038,53.0,2.0,,0 days 02:15:09.047000,0 days 00:00:17.542000,0 days 00:00:31.202000,0 days 00:00:24.294000,0 days 02:14:16.890000,0 days 02:14:48.092000,0 days 02:15:12.386000,300.0,229.0,,299.0,False,HARD,29.0,True,McLaren,0 days 02:13:59.356000,2025-06-29 14:20:52.149,1,1.0,False,,False,False
193,0 days 02:16:38.701000,PIA,81,86.307,54.0,3.0,0 days 02:15:30.124000,,0 days 00:00:33.772000,0 days 00:00:31.651000,0 days 00:00:20.884000,0 days 02:15:46.158000,0 days 02:16:17.809000,0 days 02:16:38.693000,309.0,232.0,276.0,308.0,False,MEDIUM,1.0,True,McLaren,0 days 02:15:12.394000,2025-06-29 14:22:05.187,1,2.0,False,,False,False
194,0 days 02:17:47.259000,PIA,81,68.558,55.0,3.0,,,0 days 00:00:17.407000,0 days 00:00:30.509000,0 days 00:00:20.642000,0 days 02:16:56.100000,0 days 02:17:26.609000,0 days 02:17:47.251000,296.0,237.0,278.0,297.0,True,MEDIUM,2.0,True,McLaren,0 days 02:16:38.701000,2025-06-29 14:23:31.494,1,2.0,False,,False,True
195,0 days 02:18:55.542000,PIA,81,68.283,56.0,3.0,,,0 days 00:00:17.288000,0 days 00:00:30.404000,0 days 00:00:20.591000,0 days 02:18:04.539000,0 days 02:18:34.943000,0 days 02:18:55.534000,297.0,236.0,285.0,299.0,True,MEDIUM,3.0,True,McLaren,0 days 02:17:47.259000,2025-06-29 14:24:40.052,1,2.0,False,,False,True
196,0 days 02:20:04.281000,PIA,81,68.739,57.0,3.0,,,0 days 00:00:17.281000,0 days 00:00:30.804000,0 days 00:00:20.654000,0 days 02:19:12.815000,0 days 02:19:43.619000,0 days 02:20:04.273000,312.0,235.0,276.0,298.0,False,MEDIUM,4.0,True,McLaren,0 days 02:18:55.542000,2025-06-29 14:25:48.335,1,2.0,False,,False,True
197,0 days 02:21:12.438000,PIA,81,68.157,58.0,3.0,,,0 days 00:00:17.272000,0 days 00:00:30.444000,0 days 00:00:20.441000,0 days 02:20:21.545000,0 days 02:20:51.989000,0 days 02:21:12.430000,301.0,237.0,278.0,299.0,True,MEDIUM,5.0,True,McLaren,0 days 02:20:04.281000,2025-06-29 14:26:57.074,1,2.0,False,,False,True
198,0 days 02:22:20.362000,PIA,81,67.924,59.0,3.0,,,0 days 00:00:17.090000,0 days 00:00:30.374000,0 days 00:00:20.460000,0 days 02:21:29.520000,0 days 02:21:59.894000,0 days 02:22:20.354000,316.0,235.0,280.0,311.0,True,MEDIUM,6.0,True,McLaren,0 days 02:21:12.438000,2025-06-29 14:28:05.231,1,2.0,False,,False,True
199,0 days 02:23:28.447000,PIA,81,68.085,60.0,3.0,,,0 days 00:00:17.307000,0 days 00:00:30.284000,0 days 00:00:20.494000,0 days 02:22:37.661000,0 days 02:23:07.945000,0 days 02:23:28.439000,302.0,239.0,281.0,300.0,False,MEDIUM,7.0,True,McLaren,0 days 02:22:20.362000,2025-06-29 14:29:13.155,1,2.0,False,,False,True
200,0 days 02:24:36.609000,PIA,81,68.162,61.0,3.0,,,0 days 00:00:17.085000,0 days 00:00:30.530000,0 days 00:00:20.547000,0 days 02:23:45.524000,0 days 02:24:16.054000,0 days 02:24:36.601000,319.0,236.0,277.0,297.0,False,MEDIUM,8.0,True,McLaren,0 days 02:23:28.447000,2025-06-29 14:30:21.240,1,2.0,False,,False,True
201,0 days 02:25:44.981000,PIA,81,68.372,62.0,3.0,,,0 days 00:00:17.235000,0 days 00:00:30.531000,0 days 00:00:20.606000,0 days 02:24:53.836000,0 days 02:25:24.367000,0 days 02:25:44.973000,304.0,234.0,276.0,299.0,False,MEDIUM,9.0,True,McLaren,0 days 02:24:36.609000,2025-06-29 14:31:29.402,1,2.0,False,,False,True
202,0 days 02:26:53.884000,PIA,81,68.903,63.0,3.0,,,0 days 00:00:17.369000,0 days 00:00:30.820000,0 days 00:00:20.714000,0 days 02:26:02.342000,0 days 02:26:33.162000,0 days 02:26:53.876000,301.0,234.0,278.0,296.0,False,MEDIUM,10.0,True,McLaren,0 days 02:25:44.981000,2025-06-29 14:32:37.774,1,2.0,False,,False,True
203,0 days 02:28:02.836000,PIA,81,68.952,64.0,3.0,,,0 days 00:00:17.298000,0 days 00:00:30.804000,0 days 00:00:20.850000,0 days 02:27:11.174000,0 days 02:27:41.978000,0 days 02:28:02.828000,,230.0,284.0,299.0,False,MEDIUM,11.0,True,McLaren,0 days 02:26:53.884000,2025-06-29 14:33:46.677,1,2.0,False,,False,True
204,0 days 02:29:11.326000,PIA,81,68.49,65.0,3.0,,,0 days 00:00:17.110000,0 days 00:00:30.804000,0 days 00:00:20.576000,0 days 02:28:19.938000,0 days 02:28:50.742000,0 days 02:29:11.318000,318.0,234.0,278.0,298.0,False,MEDIUM,12.0,True,McLaren,0 days 02:28:02.836000,2025-06-29 14:34:55.629,1,2.0,False,,False,True
205,0 days 02:30:20.363000,PIA,81,69.037,66.0,3.0,,,0 days 00:00:17.380000,0 days 00:00:30.929000,0 days 00:00:20.728000,0 days 02:29:28.698000,0 days 02:29:59.627000,0 days 02:30:20.355000,299.0,233.0,278.0,297.0,False,MEDIUM,13.0,True,McLaren,0 days 02:29:11.326000,2025-06-29 14:36:04.119,1,2.0,False,,False,True
206,0 days 02:31:29.450000,PIA,81,69.087,67.0,3.0,,,0 days 00:00:17.512000,0 days 00:00:30.902000,0 days 00:00:20.673000,0 days 02:30:37.867000,0 days 02:31:08.769000,0 days 02:31:29.442000,302.0,236.0,277.0,298.0,False,MEDIUM,14.0,True,McLaren,0 days 02:30:20.363000,2025-06-29 14:37:13.156,1,2.0,False,,False,True
207,0 days 02:32:38.723000,PIA,81,69.273,68.0,3.0,,,0 days 00:00:17.487000,0 days 00:00:30.982000,0 days 00:00:20.804000,0 days 02:31:46.929000,0 days 02:32:17.911000,0 days 02:32:38.715000,,234.0,278.0,300.0,False,MEDIUM,15.0,True,McLaren,0 days 02:31:29.450000,2025-06-29 14:38:22.243,1,2.0,False,,False,True
208,0 days 02:33:48.191000,PIA,81,69.468,69.0,3.0,,,0 days 00:00:17.273000,0 days 00:00:31.101000,0 days 00:00:21.094000,0 days 02:32:55.988000,0 days 02:33:27.089000,0 days 02:33:48.183000,310.0,233.0,284.0,305.0,False,MEDIUM,16.0,True,McLaren,0 days 02:32:38.723000,2025-06-29 14:39:31.516,1,2.0,False,,False,True
209,0 days 02:34:58.973000,PIA,81,70.782,70.0,3.0,,,0 days 00:00:17.082000,0 days 00:00:31.822000,0 days 00:00:21.878000,0 days 02:34:05.265000,0 days 02:34:37.087000,0 days 02:34:58.965000,330.0,224.0,281.0,321.0,False,MEDIUM,17.0,True,McLaren,0 days 02:33:48.191000,2025-06-29 14:40:40.984,1,2.0,True,TRACK LIMITS AT TURN 1 LAP 70 ,False,True
210,0 days 01:12:45.325000,HAM,44,,1.0,1.0,,,,0 days 00:00:32.125000,0 days 00:00:43.250000,,0 days 01:12:02.112000,0 days 01:12:45.401000,310.0,223.0,209.0,296.0,False,MEDIUM,1.0,True,Ferrari,0 days 01:11:08.287000,2025-06-29 13:18:01.080,124,7.0,False,,False,False
211,0 days 01:14:35.766000,HAM,44,110.441,2.0,1.0,,,0 days 00:00:22.822000,0 days 00:00:53.146000,0 days 00:00:34.473000,0 days 01:13:08.131000,0 days 01:14:01.277000,0 days 01:14:35.750000,84.0,142.0,181.0,160.0,True,MEDIUM,2.0,True,Ferrari,0 days 01:12:45.325000,2025-06-29 13:19:38.118,4,4.0,False,,False,False
212,0 days 01:16:26.378000,HAM,44,110.612,3.0,1.0,,,0 days 00:00:25.667000,0 days 00:00:50.668000,0 days 00:00:34.277000,0 days 01:15:01.417000,0 days 01:15:52.085000,0 days 01:16:26.362000,112.0,155.0,273.0,149.0,False,MEDIUM,3.0,True,Ferrari,0 days 01:14:35.766000,2025-06-29 13:21:28.559,41,4.0,False,,False,False
213,0 days 01:17:37.778000,HAM,44,71.4,4.0,1.0,,,0 days 00:00:17.687000,0 days 00:00:32.238000,0 days 00:00:21.475000,0 days 01:16:44.049000,0 days 01:17:16.287000,0 days 01:17:37.762000,295.0,223.0,274.0,286.0,True,MEDIUM,4.0,True,Ferrari,0 days 01:16:26.378000,2025-06-29 13:23:19.171,1,4.0,False,,False,True
214,0 days 01:18:48.492000,HAM,44,70.714,5.0,1.0,,,0 days 00:00:17.441000,0 days 00:00:31.691000,0 days 00:00:21.582000,0 days 01:17:55.203000,0 days 01:18:26.894000,0 days 01:18:48.476000,307.0,221.0,274.0,289.0,True,MEDIUM,5.0,True,Ferrari,0 days 01:17:37.778000,2025-06-29 13:24:30.571,1,4.0,False,,False,True
215,0 days 01:19:58.801000,HAM,44,70.309,6.0,1.0,,,0 days 00:00:17.485000,0 days 00:00:31.386000,0 days 00:00:21.438000,0 days 01:19:05.961000,0 days 01:19:37.347000,0 days 01:19:58.785000,303.0,224.0,274.0,298.0,True,MEDIUM,6.0,True,Ferrari,0 days 01:18:48.492000,2025-06-29 13:25:41.285,1,4.0,False,,False,True
216,0 days 01:21:09.353000,HAM,44,70.552,7.0,1.0,,,0 days 00:00:17.643000,0 days 00:00:31.378000,0 days 00:00:21.531000,0 days 01:20:16.428000,0 days 01:20:47.806000,0 days 01:21:09.337000,294.0,223.0,271.0,292.0,False,MEDIUM,7.0,True,Ferrari,0 days 01:19:58.801000,2025-06-29 13:26:51.594,1,4.0,False,,False,True
217,0 days 01:22:19.523000,HAM,44,70.17,8.0,1.0,,,0 days 00:00:17.546000,0 days 00:00:31.271000,0 days 00:00:21.353000,0 days 01:21:26.883000,0 days 01:21:58.154000,0 days 01:22:19.507000,296.0,222.0,273.0,293.0,True,MEDIUM,8.0,True,Ferrari,0 days 01:21:09.353000,2025-06-29 13:28:02.146,1,4.0,False,,False,True
218,0 days 01:23:30.069000,HAM,44,70.546,9.0,1.0,,,0 days 00:00:17.615000,0 days 00:00:31.489000,0 days 00:00:21.442000,0 days 01:22:37.122000,0 days 01:23:08.611000,0 days 01:23:30.053000,294.0,222.0,272.0,292.0,False,MEDIUM,9.0,True,Ferrari,0 days 01:22:19.523000,2025-06-29 13:29:12.316,1,4.0,False,,False,True
219,0 days 01:24:41.402000,HAM,44,71.333,10.0,1.0,,,0 days 00:00:17.699000,0 days 00:00:31.282000,0 days 00:00:22.352000,0 days 01:23:47.752000,0 days 01:24:19.034000,0 days 01:24:41.386000,296.0,225.0,247.0,297.0,False,MEDIUM,10.0,True,Ferrari,0 days 01:23:30.069000,2025-06-29 13:30:22.862,1,4.0,False,,False,True
220,0 days 01:25:52.571000,HAM,44,71.169,11.0,1.0,,,0 days 00:00:18.068000,0 days 00:00:31.540000,0 days 00:00:21.561000,0 days 01:24:59.454000,0 days 01:25:30.994000,0 days 01:25:52.555000,297.0,223.0,272.0,293.0,False,MEDIUM,11.0,True,Ferrari,0 days 01:24:41.402000,2025-06-29 13:31:34.195,1,4.0,False,,False,True
221,0 days 01:27:03.462000,HAM,44,70.891,12.0,1.0,,,0 days 00:00:17.730000,0 days 00:00:31.447000,0 days 00:00:21.714000,0 days 01:26:10.285000,0 days 01:26:41.732000,0 days 01:27:03.446000,294.0,222.0,271.0,291.0,False,MEDIUM,12.0,True,Ferrari,0 days 01:25:52.571000,2025-06-29 13:32:45.364,1,4.0,False,,False,True
222,0 days 01:28:14.176000,HAM,44,70.714,13.0,1.0,,,0 days 00:00:17.766000,0 days 00:00:31.430000,0 days 00:00:21.518000,0 days 01:27:21.212000,0 days 01:27:52.642000,0 days 01:28:14.160000,293.0,222.0,272.0,294.0,False,MEDIUM,13.0,True,Ferrari,0 days 01:27:03.462000,2025-06-29 13:33:56.255,1,4.0,False,,False,True
223,0 days 01:29:24.877000,HAM,44,70.701,14.0,1.0,,,0 days 00:00:17.704000,0 days 00:00:31.331000,0 days 00:00:21.666000,0 days 01:28:31.864000,0 days 01:29:03.195000,0 days 01:29:24.861000,298.0,222.0,271.0,296.0,False,MEDIUM,14.0,True,Ferrari,0 days 01:28:14.176000,2025-06-29 13:35:06.969,1,4.0,False,,False,True
224,0 days 01:30:35.594000,HAM,44,70.717,15.0,1.0,,,0 days 00:00:17.694000,0 days 00:00:31.471000,0 days 00:00:21.552000,0 days 01:29:42.555000,0 days 01:30:14.026000,0 days 01:30:35.578000,296.0,222.0,271.0,293.0,False,MEDIUM,15.0,True,Ferrari,0 days 01:29:24.877000,2025-06-29 13:36:17.670,1,4.0,False,,False,True
225,0 days 01:31:46.603000,HAM,44,71.009,16.0,1.0,,,0 days 00:00:17.725000,0 days 00:00:31.641000,0 days 00:00:21.643000,0 days 01:30:53.303000,0 days 01:31:24.944000,0 days 01:31:46.587000,,222.0,271.0,294.0,False,MEDIUM,16.0,True,Ferrari,0 days 01:30:35.594000,2025-06-29 13:37:28.387,1,4.0,False,,False,True
226,0 days 01:32:57.667000,HAM,44,71.064,17.0,1.0,,,0 days 00:00:17.785000,0 days 00:00:31.619000,0 days 00:00:21.660000,0 days 01:32:04.372000,0 days 01:32:35.991000,0 days 01:32:57.651000,298.0,222.0,272.0,294.0,False,MEDIUM,17.0,True,Ferrari,0 days 01:31:46.603000,2025-06-29 13:38:39.396,1,4.0,False,,False,True
227,0 days 01:34:08.719000,HAM,44,71.052,18.0,1.0,,,0 days 00:00:17.809000,0 days 00:00:31.636000,0 days 00:00:21.607000,0 days 01:33:15.460000,0 days 01:33:47.096000,0 days 01:34:08.703000,297.0,221.0,272.0,292.0,False,MEDIUM,18.0,True,Ferrari,0 days 01:32:57.667000,2025-06-29 13:39:50.460,1,4.0,False,,False,True
228,0 days 01:35:19.530000,HAM,44,70.811,19.0,1.0,,,0 days 00:00:17.659000,0 days 00:00:31.590000,0 days 00:00:21.562000,0 days 01:34:26.362000,0 days 01:34:57.952000,0 days 01:35:19.514000,299.0,222.0,273.0,294.0,False,MEDIUM,19.0,True,Ferrari,0 days 01:34:08.719000,2025-06-29 13:41:01.512,1,4.0,False,,False,True
229,0 days 01:36:30.472000,HAM,44,70.942,20.0,1.0,,,0 days 00:00:17.756000,0 days 00:00:31.523000,0 days 00:00:21.663000,0 days 01:35:37.270000,0 days 01:36:08.793000,0 days 01:36:30.456000,295.0,220.0,272.0,292.0,False,MEDIUM,20.0,True,Ferrari,0 days 01:35:19.530000,2025-06-29 13:42:12.323,1,4.0,False,,False,True
230,0 days 01:37:42.200000,HAM,44,71.728,21.0,1.0,,,0 days 00:00:17.704000,0 days 00:00:32.107000,0 days 00:00:21.917000,0 days 01:36:48.160000,0 days 01:37:20.267000,0 days 01:37:42.184000,300.0,213.0,271.0,297.0,False,MEDIUM,21.0,True,Ferrari,0 days 01:36:30.472000,2025-06-29 13:43:23.265,1,3.0,False,,False,True
231,0 days 01:38:53.270000,HAM,44,71.07,22.0,1.0,,,0 days 00:00:17.715000,0 days 00:00:31.620000,0 days 00:00:21.735000,0 days 01:37:59.899000,0 days 01:38:31.519000,0 days 01:38:53.254000,298.0,222.0,271.0,296.0,False,MEDIUM,22.0,True,Ferrari,0 days 01:37:42.200000,2025-06-29 13:44:34.993,1,3.0,False,,False,True
232,0 days 01:40:04.647000,HAM,44,71.377,23.0,1.0,,,0 days 00:00:17.757000,0 days 00:00:31.745000,0 days 00:00:21.875000,0 days 01:39:11.011000,0 days 01:39:42.756000,0 days 01:40:04.631000,297.0,220.0,271.0,293.0,False,MEDIUM,23.0,True,Ferrari,0 days 01:38:53.270000,2025-06-29 13:45:46.063,1,3.0,False,,False,True
233,0 days 01:41:15.779000,HAM,44,71.132,24.0,1.0,,,0 days 00:00:17.764000,0 days 00:00:31.688000,0 days 00:00:21.680000,0 days 01:40:22.395000,0 days 01:40:54.083000,0 days 01:41:15.763000,300.0,217.0,271.0,297.0,False,MEDIUM,24.0,True,Ferrari,0 days 01:40:04.647000,2025-06-29 13:46:57.440,1,3.0,False,,False,True
234,0 days 01:42:27.367000,HAM,44,71.588,25.0,1.0,,,0 days 00:00:17.936000,0 days 00:00:31.884000,0 days 00:00:21.768000,0 days 01:41:33.699000,0 days 01:42:05.583000,0 days 01:42:27.351000,295.0,221.0,269.0,294.0,False,MEDIUM,25.0,True,Ferrari,0 days 01:41:15.779000,2025-06-29 13:48:08.572,1,1.0,False,,False,True
235,0 days 01:43:41.881000,HAM,44,74.514,26.0,1.0,,0 days 01:43:38.541000,0 days 00:00:17.816000,0 days 00:00:31.753000,0 days 00:00:24.945000,0 days 01:42:45.167000,0 days 01:43:16.920000,0 days 01:43:41.865000,297.0,219.0,,295.0,False,MEDIUM,26.0,True,Ferrari,0 days 01:42:27.367000,2025-06-29 13:49:20.160,1,2.0,False,,False,False
236,0 days 01:45:08.908000,HAM,44,87.027,27.0,2.0,0 days 01:43:59.861000,,0 days 00:00:34.105000,0 days 00:00:31.377000,0 days 00:00:21.545000,0 days 01:44:15.970000,0 days 01:44:47.347000,0 days 01:45:08.892000,295.0,223.0,273.0,291.0,False,HARD,1.0,True,Ferrari,0 days 01:43:41.881000,2025-06-29 13:50:34.674,1,6.0,False,,False,False
237,0 days 01:46:19.138000,HAM,44,70.23,28.0,2.0,,,0 days 00:00:17.453000,0 days 00:00:31.127000,0 days 00:00:21.650000,0 days 01:45:26.345000,0 days 01:45:57.472000,0 days 01:46:19.122000,302.0,224.0,281.0,294.0,False,HARD,2.0,True,Ferrari,0 days 01:45:08.908000,2025-06-29 13:52:01.701,1,6.0,False,,False,True
238,0 days 01:47:29.791000,HAM,44,70.653,29.0,2.0,,,0 days 00:00:17.791000,0 days 00:00:31.393000,0 days 00:00:21.469000,0 days 01:46:36.913000,0 days 01:47:08.306000,0 days 01:47:29.775000,315.0,229.0,273.0,310.0,False,HARD,3.0,True,Ferrari,0 days 01:46:19.138000,2025-06-29 13:53:11.931,1,4.0,False,,False,True
239,0 days 01:48:39.966000,HAM,44,70.175,30.0,2.0,,,0 days 00:00:17.511000,0 days 00:00:31.219000,0 days 00:00:21.445000,0 days 01:47:47.286000,0 days 01:48:18.505000,0 days 01:48:39.950000,296.0,226.0,273.0,296.0,False,HARD,4.0,True,Ferrari,0 days 01:47:29.791000,2025-06-29 13:54:22.584,12,4.0,False,,False,True
240,0 days 01:49:49.945000,HAM,44,69.979,31.0,2.0,,,0 days 00:00:17.584000,0 days 00:00:31.177000,0 days 00:00:21.218000,0 days 01:48:57.534000,0 days 01:49:28.711000,0 days 01:49:49.929000,,225.0,274.0,292.0,True,HARD,5.0,True,Ferrari,0 days 01:48:39.966000,2025-06-29 13:55:32.759,1,4.0,False,,False,True
241,0 days 01:50:59.878000,HAM,44,69.933,32.0,2.0,,,0 days 00:00:17.627000,0 days 00:00:31.227000,0 days 00:00:21.079000,0 days 01:50:07.556000,0 days 01:50:38.783000,0 days 01:50:59.862000,293.0,226.0,275.0,291.0,True,HARD,6.0,True,Ferrari,0 days 01:49:49.945000,2025-06-29 13:56:42.738,1,4.0,False,,False,True
242,0 days 01:52:09.742000,HAM,44,69.864,33.0,2.0,,,0 days 00:00:17.649000,0 days 00:00:31.046000,0 days 00:00:21.169000,0 days 01:51:17.511000,0 days 01:51:48.557000,0 days 01:52:09.726000,294.0,226.0,273.0,292.0,True,HARD,7.0,True,Ferrari,0 days 01:50:59.878000,2025-06-29 13:57:52.671,1,4.0,False,,False,True
243,0 days 01:53:19.511000,HAM,44,69.769,34.0,2.0,,,0 days 00:00:17.479000,0 days 00:00:31.156000,0 days 00:00:21.134000,0 days 01:52:27.205000,0 days 01:52:58.361000,0 days 01:53:19.495000,299.0,229.0,273.0,295.0,True,HARD,8.0,True,Ferrari,0 days 01:52:09.742000,2025-06-29 13:59:02.535,1,4.0,False,,False,True
244,0 days 01:54:29.472000,HAM,44,69.961,35.0,2.0,,,0 days 00:00:17.557000,0 days 00:00:31.210000,0 days 00:00:21.194000,0 days 01:53:37.052000,0 days 01:54:08.262000,0 days 01:54:29.456000,296.0,225.0,274.0,294.0,False,HARD,9.0,True,Ferrari,0 days 01:53:19.511000,2025-06-29 14:00:12.304,1,4.0,False,,False,True
245,0 days 01:55:38.897000,HAM,44,69.425,36.0,2.0,,,0 days 00:00:17.453000,0 days 00:00:30.941000,0 days 00:00:21.031000,0 days 01:54:46.909000,0 days 01:55:17.850000,0 days 01:55:38.881000,301.0,227.0,275.0,298.0,True,HARD,10.0,True,Ferrari,0 days 01:54:29.472000,2025-06-29 14:01:22.265,1,4.0,False,,False,True
246,0 days 01:56:48.562000,HAM,44,69.665,37.0,2.0,,,0 days 00:00:17.494000,0 days 00:00:31.060000,0 days 00:00:21.111000,0 days 01:55:56.375000,0 days 01:56:27.435000,0 days 01:56:48.546000,296.0,226.0,275.0,295.0,False,HARD,11.0,True,Ferrari,0 days 01:55:38.897000,2025-06-29 14:02:31.690,1,4.0,False,,False,True
247,0 days 01:57:57.881000,HAM,44,69.319,38.0,2.0,,,0 days 00:00:17.367000,0 days 00:00:30.841000,0 days 00:00:21.111000,0 days 01:57:05.913000,0 days 01:57:36.754000,0 days 01:57:57.865000,300.0,229.0,274.0,297.0,True,HARD,12.0,True,Ferrari,0 days 01:56:48.562000,2025-06-29 14:03:41.355,1,4.0,False,,False,True
248,0 days 01:59:07.936000,HAM,44,70.055,39.0,2.0,,,0 days 00:00:17.576000,0 days 00:00:31.164000,0 days 00:00:21.315000,0 days 01:58:15.441000,0 days 01:58:46.605000,0 days 01:59:07.920000,296.0,225.0,274.0,295.0,False,HARD,13.0,True,Ferrari,0 days 01:57:57.881000,2025-06-29 14:04:50.674,1,4.0,False,,False,True
249,0 days 02:00:17.577000,HAM,44,69.641,40.0,2.0,,,0 days 00:00:17.367000,0 days 00:00:31.087000,0 days 00:00:21.187000,0 days 01:59:25.287000,0 days 01:59:56.374000,0 days 02:00:17.561000,304.0,228.0,273.0,300.0,False,HARD,14.0,True,Ferrari,0 days 01:59:07.936000,2025-06-29 14:06:00.729,1,4.0,False,,False,True
250,0 days 02:01:27.683000,HAM,44,70.106,41.0,2.0,,,0 days 00:00:17.530000,0 days 00:00:31.268000,0 days 00:00:21.308000,0 days 02:00:35.091000,0 days 02:01:06.359000,0 days 02:01:27.667000,297.0,224.0,275.0,295.0,False,HARD,15.0,True,Ferrari,0 days 02:00:17.577000,2025-06-29 14:07:10.370,1,4.0,False,,False,True
251,0 days 02:02:37.770000,HAM,44,70.087,42.0,2.0,,,0 days 00:00:17.577000,0 days 00:00:31.210000,0 days 00:00:21.300000,0 days 02:01:45.244000,0 days 02:02:16.454000,0 days 02:02:37.754000,296.0,227.0,274.0,296.0,False,HARD,16.0,True,Ferrari,0 days 02:01:27.683000,2025-06-29 14:08:20.476,1,4.0,False,,False,True
252,0 days 02:03:47.693000,HAM,44,69.923,43.0,2.0,,,0 days 00:00:17.447000,0 days 00:00:31.134000,0 days 00:00:21.342000,0 days 02:02:55.201000,0 days 02:03:26.335000,0 days 02:03:47.677000,302.0,228.0,274.0,300.0,False,HARD,17.0,True,Ferrari,0 days 02:02:37.770000,2025-06-29 14:09:30.563,1,4.0,False,,False,True
253,0 days 02:04:57.866000,HAM,44,70.173,44.0,2.0,,,0 days 00:00:17.522000,0 days 00:00:31.228000,0 days 00:00:21.423000,0 days 02:04:05.199000,0 days 02:04:36.427000,0 days 02:04:57.850000,307.0,229.0,275.0,302.0,False,HARD,18.0,True,Ferrari,0 days 02:03:47.693000,2025-06-29 14:10:40.486,1,4.0,False,,False,True
254,0 days 02:06:08.476000,HAM,44,70.61,45.0,2.0,,,0 days 00:00:17.511000,0 days 00:00:31.701000,0 days 00:00:21.398000,0 days 02:05:15.361000,0 days 02:05:47.062000,0 days 02:06:08.460000,306.0,223.0,274.0,294.0,False,HARD,19.0,True,Ferrari,0 days 02:04:57.866000,2025-06-29 14:11:50.659,1,4.0,False,,False,True
255,0 days 02:07:18.822000,HAM,44,70.346,46.0,2.0,,,0 days 00:00:17.546000,0 days 00:00:31.357000,0 days 00:00:21.443000,0 days 02:06:26.006000,0 days 02:06:57.363000,0 days 02:07:18.806000,299.0,225.0,274.0,294.0,False,HARD,20.0,True,Ferrari,0 days 02:06:08.476000,2025-06-29 14:13:01.269,1,4.0,False,,False,True
256,0 days 02:08:29.104000,HAM,44,70.282,47.0,2.0,,,0 days 00:00:17.563000,0 days 00:00:31.241000,0 days 00:00:21.478000,0 days 02:07:36.369000,0 days 02:08:07.610000,0 days 02:08:29.088000,300.0,227.0,269.0,296.0,False,HARD,21.0,True,Ferrari,0 days 02:07:18.822000,2025-06-29 14:14:11.615,1,4.0,False,,False,True
257,0 days 02:09:40.881000,HAM,44,71.777,48.0,2.0,,,0 days 00:00:17.645000,0 days 00:00:32.646000,0 days 00:00:21.486000,0 days 02:08:46.733000,0 days 02:09:19.379000,0 days 02:09:40.865000,302.0,226.0,273.0,292.0,False,HARD,22.0,True,Ferrari,0 days 02:08:29.104000,2025-06-29 14:15:21.897,1,4.0,True,TRACK LIMITS AT TURN 3 LAP 48 ,False,True
258,0 days 02:10:51.313000,HAM,44,70.432,49.0,2.0,,,0 days 00:00:17.452000,0 days 00:00:31.485000,0 days 00:00:21.495000,0 days 02:09:58.317000,0 days 02:10:29.802000,0 days 02:10:51.297000,304.0,225.0,273.0,299.0,False,HARD,23.0,True,Ferrari,0 days 02:09:40.881000,2025-06-29 14:16:33.674,1,4.0,False,,False,True
259,0 days 02:12:05.263000,HAM,44,73.95,50.0,2.0,,0 days 02:12:01.834000,0 days 00:00:17.609000,0 days 00:00:31.426000,0 days 00:00:24.915000,0 days 02:11:08.906000,0 days 02:11:40.332000,0 days 02:12:05.247000,299.0,225.0,,295.0,False,HARD,24.0,True,Ferrari,0 days 02:10:51.313000,2025-06-29 14:17:44.106,1,3.0,False,,False,False
260,0 days 02:13:30.990000,HAM,44,85.727,51.0,3.0,0 days 02:12:23.106000,,0 days 00:00:33.864000,0 days 00:00:30.906000,0 days 00:00:20.957000,0 days 02:12:39.111000,0 days 02:13:10.017000,0 days 02:13:30.974000,290.0,227.0,275.0,290.0,False,MEDIUM,1.0,True,Ferrari,0 days 02:12:05.263000,2025-06-29 14:18:58.056,1,4.0,False,,False,False
261,0 days 02:14:40.105000,HAM,44,69.115,52.0,3.0,,,0 days 00:00:17.387000,0 days 00:00:30.773000,0 days 00:00:20.955000,0 days 02:13:48.361000,0 days 02:14:19.134000,0 days 02:14:40.089000,294.0,228.0,276.0,293.0,True,MEDIUM,2.0,True,Ferrari,0 days 02:13:30.990000,2025-06-29 14:20:23.783,1,4.0,False,,False,True
262,0 days 02:15:48.733000,HAM,44,68.628,53.0,3.0,,,0 days 00:00:17.311000,0 days 00:00:30.474000,0 days 00:00:20.843000,0 days 02:14:57.400000,0 days 02:15:27.874000,0 days 02:15:48.717000,298.0,231.0,276.0,296.0,True,MEDIUM,3.0,True,Ferrari,0 days 02:14:40.105000,2025-06-29 14:21:32.898,1,4.0,False,,False,True
263,0 days 02:16:57.712000,HAM,44,68.979,54.0,3.0,,,0 days 00:00:17.357000,0 days 00:00:30.682000,0 days 00:00:20.940000,0 days 02:16:06.074000,0 days 02:16:36.756000,0 days 02:16:57.696000,295.0,227.0,274.0,294.0,False,MEDIUM,4.0,True,Ferrari,0 days 02:15:48.733000,2025-06-29 14:22:41.526,1,4.0,False,,False,True
264,0 days 02:18:06.469000,HAM,44,68.757,55.0,3.0,,,0 days 00:00:17.343000,0 days 00:00:30.553000,0 days 00:00:20.861000,0 days 02:17:15.039000,0 days 02:17:45.592000,0 days 02:18:06.453000,298.0,229.0,276.0,299.0,False,MEDIUM,5.0,True,Ferrari,0 days 02:16:57.712000,2025-06-29 14:23:50.505,1,4.0,False,,False,True
265,0 days 02:19:15.458000,HAM,44,68.989,56.0,3.0,,,0 days 00:00:17.324000,0 days 00:00:30.645000,0 days 00:00:21.020000,0 days 02:18:23.777000,0 days 02:18:54.422000,0 days 02:19:15.442000,296.0,229.0,275.0,296.0,False,MEDIUM,6.0,True,Ferrari,0 days 02:18:06.469000,2025-06-29 14:24:59.262,1,4.0,False,,False,True
266,0 days 02:20:24.396000,HAM,44,68.938,57.0,3.0,,,0 days 00:00:17.341000,0 days 00:00:30.648000,0 days 00:00:20.949000,0 days 02:19:32.783000,0 days 02:20:03.431000,0 days 02:20:24.380000,303.0,230.0,276.0,301.0,False,MEDIUM,7.0,True,Ferrari,0 days 02:19:15.458000,2025-06-29 14:26:08.251,1,4.0,False,,False,True
267,0 days 02:21:33.065000,HAM,44,68.669,58.0,3.0,,,0 days 00:00:17.367000,0 days 00:00:30.495000,0 days 00:00:20.807000,0 days 02:20:41.747000,0 days 02:21:12.242000,0 days 02:21:33.049000,305.0,234.0,277.0,304.0,False,MEDIUM,8.0,True,Ferrari,0 days 02:20:24.396000,2025-06-29 14:27:17.189,1,4.0,False,,False,True
268,0 days 02:22:42.375000,HAM,44,69.31,59.0,3.0,,,0 days 00:00:17.471000,0 days 00:00:30.867000,0 days 00:00:20.972000,0 days 02:21:50.520000,0 days 02:22:21.387000,0 days 02:22:42.359000,,230.0,277.0,298.0,False,MEDIUM,9.0,True,Ferrari,0 days 02:21:33.065000,2025-06-29 14:28:25.858,1,4.0,False,,False,True
269,0 days 02:23:51.699000,HAM,44,69.324,60.0,3.0,,,0 days 00:00:17.462000,0 days 00:00:30.878000,0 days 00:00:20.984000,0 days 02:22:59.821000,0 days 02:23:30.699000,0 days 02:23:51.683000,296.0,230.0,277.0,295.0,False,MEDIUM,10.0,True,Ferrari,0 days 02:22:42.375000,2025-06-29 14:29:35.168,1,4.0,False,,False,True
270,0 days 02:25:00.965000,HAM,44,69.266,61.0,3.0,,,0 days 00:00:17.435000,0 days 00:00:30.895000,0 days 00:00:20.936000,0 days 02:24:09.118000,0 days 02:24:40.013000,0 days 02:25:00.949000,298.0,227.0,276.0,295.0,False,MEDIUM,11.0,True,Ferrari,0 days 02:23:51.699000,2025-06-29 14:30:44.492,1,4.0,False,,False,True
271,0 days 02:26:10.252000,HAM,44,69.287,62.0,3.0,,,0 days 00:00:17.415000,0 days 00:00:30.901000,0 days 00:00:20.971000,0 days 02:25:18.364000,0 days 02:25:49.265000,0 days 02:26:10.236000,,229.0,276.0,293.0,False,MEDIUM,12.0,True,Ferrari,0 days 02:25:00.965000,2025-06-29 14:31:53.758,1,4.0,False,,False,True
272,0 days 02:27:19.494000,HAM,44,69.242,63.0,3.0,,,0 days 00:00:17.453000,0 days 00:00:30.787000,0 days 00:00:21.002000,0 days 02:26:27.689000,0 days 02:26:58.476000,0 days 02:27:19.478000,297.0,227.0,277.0,295.0,False,MEDIUM,13.0,True,Ferrari,0 days 02:26:10.252000,2025-06-29 14:33:03.045,1,4.0,False,,False,True
273,0 days 02:28:28.582000,HAM,44,69.088,64.0,3.0,,,0 days 00:00:17.380000,0 days 00:00:30.679000,0 days 00:00:21.029000,0 days 02:27:36.858000,0 days 02:28:07.537000,0 days 02:28:28.566000,296.0,231.0,276.0,295.0,False,MEDIUM,14.0,True,Ferrari,0 days 02:27:19.494000,2025-06-29 14:34:12.287,1,4.0,False,,False,True
274,0 days 02:29:38.029000,HAM,44,69.447,65.0,3.0,,,0 days 00:00:17.547000,0 days 00:00:30.947000,0 days 00:00:20.953000,0 days 02:28:46.113000,0 days 02:29:17.060000,0 days 02:29:38.013000,300.0,228.0,276.0,293.0,False,MEDIUM,15.0,True,Ferrari,0 days 02:28:28.582000,2025-06-29 14:35:21.375,1,4.0,False,,False,True
275,0 days 02:30:47.346000,HAM,44,69.317,66.0,3.0,,,0 days 00:00:17.487000,0 days 00:00:30.831000,0 days 00:00:20.999000,0 days 02:29:55.500000,0 days 02:30:26.331000,0 days 02:30:47.330000,295.0,227.0,275.0,293.0,False,MEDIUM,16.0,True,Ferrari,0 days 02:29:38.029000,2025-06-29 14:36:30.822,1,4.0,False,,False,True
276,0 days 02:31:56.861000,HAM,44,69.515,67.0,3.0,,,0 days 00:00:17.502000,0 days 00:00:30.880000,0 days 00:00:21.133000,0 days 02:31:04.832000,0 days 02:31:35.712000,0 days 02:31:56.845000,297.0,230.0,275.0,295.0,False,MEDIUM,17.0,True,Ferrari,0 days 02:30:47.346000,2025-06-29 14:37:40.139,1,4.0,False,,False,True
277,0 days 02:33:06.435000,HAM,44,69.574,68.0,3.0,,,0 days 00:00:17.398000,0 days 00:00:30.947000,0 days 00:00:21.229000,0 days 02:32:14.243000,0 days 02:32:45.190000,0 days 02:33:06.419000,305.0,229.0,277.0,304.0,False,MEDIUM,18.0,True,Ferrari,0 days 02:31:56.861000,2025-06-29 14:38:49.654,1,4.0,False,,False,True
278,0 days 02:34:15.745000,HAM,44,69.31,69.0,3.0,,,0 days 00:00:17.394000,0 days 00:00:30.831000,0 days 00:00:21.085000,0 days 02:33:23.813000,0 days 02:33:54.644000,0 days 02:34:15.729000,300.0,231.0,276.0,299.0,False,MEDIUM,19.0,True,Ferrari,0 days 02:33:06.435000,2025-06-29 14:39:59.228,1,4.0,False,,False,True
279,0 days 02:35:25.298000,HAM,44,69.553,70.0,3.0,,,0 days 00:00:17.310000,0 days 00:00:30.849000,0 days 00:00:21.394000,0 days 02:34:33.039000,0 days 02:35:03.888000,0 days 02:35:25.282000,301.0,225.0,252.0,300.0,False,MEDIUM,20.0,True,Ferrari,0 days 02:34:15.745000,2025-06-29 14:41:08.538,1,4.0,False,,False,True
280,0 days 01:12:46.272000,RUS,63,,1.0,1.0,,,,0 days 00:00:32.252000,0 days 00:00:44.094000,,0 days 01:12:02.356000,0 days 01:12:46.312000,302.0,225.0,207.0,293.0,False,MEDIUM,1.0,True,Mercedes,0 days 01:11:08.287000,2025-06-29 13:18:01.080,124,8.0,False,,False,False
281,0 days 01:14:37.605000,RUS,63,111.333,2.0,1.0,,,0 days 00:00:23.139000,0 days 00:00:53.535000,0 days 00:00:34.659000,0 days 01:13:09.395000,0 days 01:14:02.930000,0 days 01:14:37.589000,102.0,141.0,178.0,193.0,True,MEDIUM,2.0,True,Mercedes,0 days 01:12:46.272000,2025-06-29 13:19:39.065,4,5.0,False,,False,False
282,0 days 01:16:26.759000,RUS,63,109.154,3.0,1.0,,,0 days 00:00:25.149000,0 days 00:00:50.985000,0 days 00:00:33.020000,0 days 01:15:02.738000,0 days 01:15:53.723000,0 days 01:16:26.743000,155.0,144.0,273.0,123.0,True,MEDIUM,3.0,True,Mercedes,0 days 01:14:37.605000,2025-06-29 13:21:30.398,41,5.0,False,,False,False
283,0 days 01:17:38.430000,RUS,63,71.671,4.0,1.0,,,0 days 00:00:17.753000,0 days 00:00:32.024000,0 days 00:00:21.894000,0 days 01:16:44.496000,0 days 01:17:16.520000,0 days 01:17:38.414000,306.0,234.0,274.0,302.0,True,MEDIUM,4.0,True,Mercedes,0 days 01:16:26.759000,2025-06-29 13:23:19.552,1,5.0,False,,False,True
284,0 days 01:18:49.383000,RUS,63,70.953,5.0,1.0,,,0 days 00:00:17.392000,0 days 00:00:31.844000,0 days 00:00:21.717000,0 days 01:17:55.806000,0 days 01:18:27.650000,0 days 01:18:49.367000,312.0,222.0,278.0,300.0,True,MEDIUM,5.0,True,Mercedes,0 days 01:17:38.430000,2025-06-29 13:24:31.223,1,5.0,False,,False,True
285,0 days 01:19:59.977000,RUS,63,70.594,6.0,1.0,,,0 days 00:00:17.210000,0 days 00:00:31.803000,0 days 00:00:21.581000,0 days 01:19:06.577000,0 days 01:19:38.380000,0 days 01:19:59.961000,311.0,222.0,274.0,300.0,True,MEDIUM,6.0,True,Mercedes,0 days 01:18:49.383000,2025-06-29 13:25:42.176,1,5.0,False,,False,True
286,0 days 01:21:10.716000,RUS,63,70.739,7.0,1.0,,,0 days 00:00:17.613000,0 days 00:00:31.566000,0 days 00:00:21.560000,0 days 01:20:17.574000,0 days 01:20:49.140000,0 days 01:21:10.700000,297.0,226.0,271.0,294.0,False,MEDIUM,7.0,True,Mercedes,0 days 01:19:59.977000,2025-06-29 13:26:52.770,1,5.0,False,,False,True
287,0 days 01:22:21.290000,RUS,63,70.574,8.0,1.0,,,0 days 00:00:17.587000,0 days 00:00:31.494000,0 days 00:00:21.493000,0 days 01:21:28.287000,0 days 01:21:59.781000,0 days 01:22:21.274000,299.0,228.0,272.0,296.0,True,MEDIUM,8.0,True,Mercedes,0 days 01:21:10.716000,2025-06-29 13:28:03.509,1,5.0,False,,False,True
288,0 days 01:23:32.221000,RUS,63,70.931,9.0,1.0,,,0 days 00:00:17.756000,0 days 00:00:31.688000,0 days 00:00:21.487000,0 days 01:22:39.030000,0 days 01:23:10.718000,0 days 01:23:32.205000,,226.0,272.0,295.0,False,MEDIUM,9.0,True,Mercedes,0 days 01:22:21.290000,2025-06-29 13:29:14.083,1,5.0,False,,False,True
289,0 days 01:24:43.381000,RUS,63,71.16,10.0,1.0,,,0 days 00:00:17.844000,0 days 00:00:31.695000,0 days 00:00:21.621000,0 days 01:23:50.049000,0 days 01:24:21.744000,0 days 01:24:43.365000,297.0,227.0,271.0,296.0,False,MEDIUM,10.0,True,Mercedes,0 days 01:23:32.221000,2025-06-29 13:30:25.014,1,5.0,False,,False,True
290,0 days 01:25:54.846000,RUS,63,71.465,11.0,1.0,,,0 days 00:00:17.835000,0 days 00:00:31.905000,0 days 00:00:21.725000,0 days 01:25:01.200000,0 days 01:25:33.105000,0 days 01:25:54.830000,,225.0,272.0,296.0,False,MEDIUM,11.0,True,Mercedes,0 days 01:24:43.381000,2025-06-29 13:31:36.174,1,5.0,False,,False,True
291,0 days 01:27:06.078000,RUS,63,71.232,12.0,1.0,,,0 days 00:00:17.862000,0 days 00:00:31.711000,0 days 00:00:21.659000,0 days 01:26:12.692000,0 days 01:26:44.403000,0 days 01:27:06.062000,,228.0,272.0,294.0,False,MEDIUM,12.0,True,Mercedes,0 days 01:25:54.846000,2025-06-29 13:32:47.639,1,5.0,False,,False,True
292,0 days 01:28:17.507000,RUS,63,71.429,13.0,1.0,,,0 days 00:00:17.742000,0 days 00:00:31.893000,0 days 00:00:21.794000,0 days 01:27:23.804000,0 days 01:27:55.697000,0 days 01:28:17.491000,293.0,223.0,271.0,299.0,False,MEDIUM,13.0,True,Mercedes,0 days 01:27:06.078000,2025-06-29 13:33:58.871,1,5.0,False,,False,True
293,0 days 01:29:29.356000,RUS,63,71.849,14.0,1.0,,,0 days 00:00:17.932000,0 days 00:00:31.975000,0 days 00:00:21.942000,0 days 01:28:35.423000,0 days 01:29:07.398000,0 days 01:29:29.340000,298.0,224.0,270.0,297.0,False,MEDIUM,14.0,True,Mercedes,0 days 01:28:17.507000,2025-06-29 13:35:10.300,1,5.0,False,,False,True
294,0 days 01:30:40.910000,RUS,63,71.554,15.0,1.0,,,0 days 00:00:17.921000,0 days 00:00:31.831000,0 days 00:00:21.802000,0 days 01:29:47.261000,0 days 01:30:19.092000,0 days 01:30:40.894000,,226.0,269.0,295.0,False,MEDIUM,15.0,True,Mercedes,0 days 01:29:29.356000,2025-06-29 13:36:22.149,1,5.0,False,,False,True
295,0 days 01:31:52.817000,RUS,63,71.907,16.0,1.0,,,0 days 00:00:18.031000,0 days 00:00:31.983000,0 days 00:00:21.893000,0 days 01:30:58.925000,0 days 01:31:30.908000,0 days 01:31:52.801000,297.0,223.0,269.0,295.0,False,MEDIUM,16.0,True,Mercedes,0 days 01:30:40.910000,2025-06-29 13:37:33.703,1,5.0,False,,False,True
296,0 days 01:33:04.492000,RUS,63,71.675,17.0,1.0,,,0 days 00:00:18.003000,0 days 00:00:31.998000,0 days 00:00:21.674000,0 days 01:32:10.804000,0 days 01:32:42.802000,0 days 01:33:04.476000,296.0,223.0,272.0,293.0,False,MEDIUM,17.0,True,Mercedes,0 days 01:31:52.817000,2025-06-29 13:38:45.610,1,5.0,False,,False,True
297,0 days 01:34:19.741000,RUS,63,75.249,18.0,1.0,,0 days 01:34:16.444000,0 days 00:00:18.055000,0 days 00:00:32.024000,0 days 00:00:25.170000,0 days 01:33:22.531000,0 days 01:33:54.555000,0 days 01:34:19.725000,,220.0,,290.0,False,MEDIUM,18.0,True,Mercedes,0 days 01:33:04.492000,2025-06-29 13:39:57.285,1,6.0,False,,False,False
298,0 days 01:35:47.618000,RUS,63,87.877,19.0,2.0,0 days 01:34:37.817000,,0 days 00:00:34.678000,0 days 00:00:31.512000,0 days 00:00:21.687000,0 days 01:34:54.403000,0 days 01:35:25.915000,0 days 01:35:47.602000,290.0,233.0,272.0,293.0,False,MEDIUM,1.0,True,Mercedes,0 days 01:34:19.741000,2025-06-29 13:41:12.534,1,11.0,False,,False,False
299,0 days 01:36:58.526000,RUS,63,70.908,20.0,2.0,,,0 days 00:00:17.734000,0 days 00:00:31.558000,0 days 00:00:21.616000,0 days 01:36:05.336000,0 days 01:36:36.894000,0 days 01:36:58.510000,295.0,225.0,272.0,288.0,False,MEDIUM,2.0,True,Mercedes,0 days 01:35:47.618000,2025-06-29 13:42:40.411,1,10.0,False,,False,True
300,0 days 01:38:09.964000,RUS,63,71.438,21.0,2.0,,,0 days 00:00:17.708000,0 days 00:00:31.846000,0 days 00:00:21.884000,0 days 01:37:16.218000,0 days 01:37:48.064000,0 days 01:38:09.948000,293.0,221.0,271.0,291.0,False,MEDIUM,3.0,True,Mercedes,0 days 01:36:58.526000,2025-06-29 13:43:51.319,1,10.0,False,,False,True
301,0 days 01:39:21.253000,RUS,63,71.289,22.0,2.0,,,0 days 00:00:17.746000,0 days 00:00:31.830000,0 days 00:00:21.713000,0 days 01:38:27.694000,0 days 01:38:59.524000,0 days 01:39:21.237000,,223.0,272.0,293.0,False,MEDIUM,4.0,True,Mercedes,0 days 01:38:09.964000,2025-06-29 13:45:02.757,1,9.0,False,,False,True
302,0 days 01:40:32.783000,RUS,63,71.53,23.0,2.0,,,0 days 00:00:17.754000,0 days 00:00:31.793000,0 days 00:00:21.983000,0 days 01:39:38.991000,0 days 01:40:10.784000,0 days 01:40:32.767000,296.0,223.0,273.0,295.0,False,MEDIUM,5.0,True,Mercedes,0 days 01:39:21.253000,2025-06-29 13:46:14.046,1,9.0,False,,False,True
303,0 days 01:41:44.150000,RUS,63,71.367,24.0,2.0,,,0 days 00:00:17.721000,0 days 00:00:31.787000,0 days 00:00:21.859000,0 days 01:40:50.488000,0 days 01:41:22.275000,0 days 01:41:44.134000,305.0,223.0,278.0,303.0,False,MEDIUM,6.0,True,Mercedes,0 days 01:40:32.783000,2025-06-29 13:47:25.576,1,9.0,False,,False,True
304,0 days 01:42:55.598000,RUS,63,71.448,25.0,2.0,,,0 days 00:00:17.317000,0 days 00:00:32.418000,0 days 00:00:21.713000,0 days 01:42:01.451000,0 days 01:42:33.869000,0 days 01:42:55.582000,321.0,221.0,278.0,317.0,False,MEDIUM,7.0,True,Mercedes,0 days 01:41:44.150000,2025-06-29 13:48:36.943,1,8.0,False,,False,True
305,0 days 01:44:06.076000,RUS,63,70.478,26.0,2.0,,,0 days 00:00:17.271000,0 days 00:00:31.600000,0 days 00:00:21.607000,0 days 01:43:12.853000,0 days 01:43:44.453000,0 days 01:44:06.060000,307.0,224.0,273.0,304.0,True,MEDIUM,8.0,True,Mercedes,0 days 01:42:55.598000,2025-06-29 13:49:48.391,1,7.0,False,,False,True
306,0 days 01:45:17.248000,RUS,63,71.172,27.0,2.0,,,0 days 00:00:17.688000,0 days 00:00:31.694000,0 days 00:00:21.790000,0 days 01:44:23.748000,0 days 01:44:55.442000,0 days 01:45:17.232000,296.0,224.0,271.0,293.0,False,MEDIUM,9.0,True,Mercedes,0 days 01:44:06.076000,2025-06-29 13:50:58.869,1,7.0,False,,False,True
307,0 days 01:46:28.586000,RUS,63,71.338,28.0,2.0,,,0 days 00:00:17.892000,0 days 00:00:31.656000,0 days 00:00:21.790000,0 days 01:45:35.124000,0 days 01:46:06.780000,0 days 01:46:28.570000,,226.0,272.0,291.0,False,MEDIUM,10.0,True,Mercedes,0 days 01:45:17.248000,2025-06-29 13:52:10.041,1,7.0,False,,False,True
308,0 days 01:47:39.825000,RUS,63,71.239,29.0,2.0,,,0 days 00:00:17.876000,0 days 00:00:31.770000,0 days 00:00:21.593000,0 days 01:46:46.446000,0 days 01:47:18.216000,0 days 01:47:39.809000,297.0,226.0,273.0,293.0,False,MEDIUM,11.0,True,Mercedes,0 days 01:46:28.586000,2025-06-29 13:53:21.379,1,7.0,False,,False,True
309,0 days 01:48:50.906000,RUS,63,71.081,30.0,2.0,,,0 days 00:00:17.782000,0 days 00:00:31.648000,0 days 00:00:21.651000,0 days 01:47:57.591000,0 days 01:48:29.239000,0 days 01:48:50.890000,300.0,224.0,273.0,297.0,False,MEDIUM,12.0,True,Mercedes,0 days 01:47:39.825000,2025-06-29 13:54:32.618,12,7.0,False,,False,True
310,0 days 01:50:01.676000,RUS,63,70.77,31.0,2.0,,,0 days 00:00:17.730000,0 days 00:00:31.577000,0 days 00:00:21.463000,0 days 01:49:08.620000,0 days 01:49:40.197000,0 days 01:50:01.660000,299.0,226.0,272.0,295.0,False,MEDIUM,13.0,True,Mercedes,0 days 01:48:50.906000,2025-06-29 13:55:43.699,1,7.0,False,,False,True
311,0 days 01:51:12.445000,RUS,63,70.769,32.0,2.0,,,0 days 00:00:17.780000,0 days 00:00:31.638000,0 days 00:00:21.351000,0 days 01:50:19.440000,0 days 01:50:51.078000,0 days 01:51:12.429000,,226.0,273.0,294.0,False,MEDIUM,14.0,True,Mercedes,0 days 01:50:01.676000,2025-06-29 13:56:54.469,1,7.0,False,,False,True
312,0 days 01:52:22.990000,RUS,63,70.545,33.0,2.0,,,0 days 00:00:17.715000,0 days 00:00:31.543000,0 days 00:00:21.287000,0 days 01:51:30.144000,0 days 01:52:01.687000,0 days 01:52:22.974000,300.0,226.0,273.0,296.0,False,MEDIUM,15.0,True,Mercedes,0 days 01:51:12.445000,2025-06-29 13:58:05.238,1,5.0,False,,False,True
313,0 days 01:53:33.480000,RUS,63,70.49,34.0,2.0,,,0 days 00:00:17.659000,0 days 00:00:31.462000,0 days 00:00:21.369000,0 days 01:52:40.633000,0 days 01:53:12.095000,0 days 01:53:33.464000,296.0,228.0,272.0,294.0,False,MEDIUM,16.0,True,Mercedes,0 days 01:52:22.990000,2025-06-29 13:59:15.783,1,5.0,False,,False,True
314,0 days 01:54:43.717000,RUS,63,70.237,35.0,2.0,,,0 days 00:00:17.623000,0 days 00:00:31.406000,0 days 00:00:21.208000,0 days 01:53:51.087000,0 days 01:54:22.493000,0 days 01:54:43.701000,298.0,229.0,272.0,297.0,True,MEDIUM,17.0,True,Mercedes,0 days 01:53:33.480000,2025-06-29 14:00:26.273,1,5.0,False,,False,True
315,0 days 01:55:54.048000,RUS,63,70.331,36.0,2.0,,,0 days 00:00:17.638000,0 days 00:00:31.419000,0 days 00:00:21.274000,0 days 01:55:01.339000,0 days 01:55:32.758000,0 days 01:55:54.032000,,227.0,273.0,298.0,False,MEDIUM,18.0,True,Mercedes,0 days 01:54:43.717000,2025-06-29 14:01:36.510,1,5.0,False,,False,True
316,0 days 01:57:04.505000,RUS,63,70.457,37.0,2.0,,,0 days 00:00:17.619000,0 days 00:00:31.521000,0 days 00:00:21.317000,0 days 01:56:11.651000,0 days 01:56:43.172000,0 days 01:57:04.489000,293.0,228.0,272.0,294.0,False,MEDIUM,19.0,True,Mercedes,0 days 01:55:54.048000,2025-06-29 14:02:46.841,1,5.0,False,,False,True
317,0 days 01:58:14.932000,RUS,63,70.427,38.0,2.0,,,0 days 00:00:17.577000,0 days 00:00:31.515000,0 days 00:00:21.335000,0 days 01:57:22.066000,0 days 01:57:53.581000,0 days 01:58:14.916000,296.0,230.0,272.0,298.0,False,MEDIUM,20.0,True,Mercedes,0 days 01:57:04.505000,2025-06-29 14:03:57.298,1,5.0,False,,False,True
318,0 days 01:59:25.333000,RUS,63,70.401,39.0,2.0,,,0 days 00:00:17.603000,0 days 00:00:31.548000,0 days 00:00:21.250000,0 days 01:58:32.519000,0 days 01:59:04.067000,0 days 01:59:25.317000,,228.0,272.0,297.0,False,MEDIUM,21.0,True,Mercedes,0 days 01:58:14.932000,2025-06-29 14:05:07.725,1,5.0,False,,False,True
319,0 days 02:00:36.038000,RUS,63,70.705,40.0,2.0,,,0 days 00:00:17.700000,0 days 00:00:31.683000,0 days 00:00:21.322000,0 days 01:59:43.017000,0 days 02:00:14.700000,0 days 02:00:36.022000,300.0,226.0,271.0,298.0,False,MEDIUM,22.0,True,Mercedes,0 days 01:59:25.333000,2025-06-29 14:06:18.126,1,5.0,False,,False,True
320,0 days 02:01:46.770000,RUS,63,70.732,41.0,2.0,,,0 days 00:00:17.749000,0 days 00:00:31.669000,0 days 00:00:21.314000,0 days 02:00:53.771000,0 days 02:01:25.440000,0 days 02:01:46.754000,299.0,227.0,272.0,297.0,False,MEDIUM,23.0,True,Mercedes,0 days 02:00:36.038000,2025-06-29 14:07:28.831,1,5.0,False,,False,True
321,0 days 02:02:57.473000,RUS,63,70.703,42.0,2.0,,,0 days 00:00:17.733000,0 days 00:00:31.705000,0 days 00:00:21.265000,0 days 02:02:04.487000,0 days 02:02:36.192000,0 days 02:02:57.457000,296.0,227.0,272.0,296.0,False,MEDIUM,24.0,True,Mercedes,0 days 02:01:46.770000,2025-06-29 14:08:39.563,1,5.0,False,,False,True
322,0 days 02:04:08.056000,RUS,63,70.583,43.0,2.0,,,0 days 00:00:17.666000,0 days 00:00:31.638000,0 days 00:00:21.279000,0 days 02:03:15.123000,0 days 02:03:46.761000,0 days 02:04:08.040000,301.0,228.0,273.0,297.0,False,MEDIUM,25.0,True,Mercedes,0 days 02:02:57.473000,2025-06-29 14:09:50.266,1,5.0,False,,False,True
323,0 days 02:05:18.808000,RUS,63,70.752,44.0,2.0,,,0 days 00:00:17.747000,0 days 00:00:31.676000,0 days 00:00:21.329000,0 days 02:04:25.787000,0 days 02:04:57.463000,0 days 02:05:18.792000,300.0,227.0,273.0,297.0,False,MEDIUM,26.0,True,Mercedes,0 days 02:04:08.056000,2025-06-29 14:11:00.849,1,5.0,False,,False,True
324,0 days 02:06:33.031000,RUS,63,74.223,45.0,2.0,,0 days 02:06:29.755000,0 days 00:00:17.746000,0 days 00:00:31.605000,0 days 00:00:24.872000,0 days 02:05:36.538000,0 days 02:06:08.143000,0 days 02:06:33.015000,299.0,228.0,,295.0,False,MEDIUM,27.0,True,Mercedes,0 days 02:05:18.808000,2025-06-29 14:12:11.601,1,5.0,False,,False,False
325,0 days 02:07:59.870000,RUS,63,86.839,46.0,3.0,0 days 02:06:51.596000,,0 days 00:00:34.787000,0 days 00:00:30.850000,0 days 00:00:21.202000,0 days 02:07:07.802000,0 days 02:07:38.652000,0 days 02:07:59.854000,307.0,235.0,275.0,320.0,False,HARD,1.0,True,Mercedes,0 days 02:06:33.031000,2025-06-29 14:13:25.824,1,9.0,False,,False,False
326,0 days 02:09:09.242000,RUS,63,69.372,47.0,3.0,,,0 days 00:00:17.413000,0 days 00:00:30.822000,0 days 00:00:21.137000,0 days 02:08:17.267000,0 days 02:08:48.089000,0 days 02:09:09.226000,302.0,232.0,274.0,295.0,True,HARD,2.0,True,Mercedes,0 days 02:07:59.870000,2025-06-29 14:14:52.663,1,9.0,False,,False,True
327,0 days 02:10:18.774000,RUS,63,69.532,48.0,3.0,,,0 days 00:00:17.414000,0 days 00:00:30.938000,0 days 00:00:21.180000,0 days 02:09:26.640000,0 days 02:09:57.578000,0 days 02:10:18.758000,299.0,232.0,276.0,292.0,False,HARD,3.0,True,Mercedes,0 days 02:09:09.242000,2025-06-29 14:16:02.035,1,9.0,False,,False,True
328,0 days 02:11:28.597000,RUS,63,69.823,49.0,3.0,,,0 days 00:00:17.411000,0 days 00:00:31.114000,0 days 00:00:21.298000,0 days 02:10:36.169000,0 days 02:11:07.283000,0 days 02:11:28.581000,297.0,231.0,275.0,295.0,False,HARD,4.0,True,Mercedes,0 days 02:10:18.774000,2025-06-29 14:17:11.567,1,9.0,False,,False,True
329,0 days 02:12:38.559000,RUS,63,69.962,50.0,3.0,,,0 days 00:00:17.424000,0 days 00:00:31.289000,0 days 00:00:21.249000,0 days 02:11:46.005000,0 days 02:12:17.294000,0 days 02:12:38.543000,304.0,228.0,275.0,301.0,False,HARD,5.0,True,Mercedes,0 days 02:11:28.597000,2025-06-29 14:18:21.390,1,8.0,False,,False,True
330,0 days 02:13:48.449000,RUS,63,69.89,51.0,3.0,,,0 days 00:00:17.409000,0 days 00:00:31.337000,0 days 00:00:21.144000,0 days 02:12:55.952000,0 days 02:13:27.289000,0 days 02:13:48.433000,302.0,230.0,276.0,302.0,False,HARD,6.0,True,Mercedes,0 days 02:12:38.559000,2025-06-29 14:19:31.352,1,7.0,False,,False,True
331,0 days 02:14:58.425000,RUS,63,69.976,52.0,3.0,,,0 days 00:00:17.394000,0 days 00:00:31.272000,0 days 00:00:21.310000,0 days 02:14:05.827000,0 days 02:14:37.099000,0 days 02:14:58.409000,303.0,228.0,281.0,304.0,False,HARD,7.0,True,Mercedes,0 days 02:13:48.449000,2025-06-29 14:20:41.242,1,7.0,False,,False,True
332,0 days 02:16:08.326000,RUS,63,69.901,53.0,3.0,,,0 days 00:00:17.150000,0 days 00:00:31.403000,0 days 00:00:21.348000,0 days 02:15:15.559000,0 days 02:15:46.962000,0 days 02:16:08.310000,323.0,226.0,283.0,316.0,False,HARD,8.0,True,Mercedes,0 days 02:14:58.425000,2025-06-29 14:21:51.218,1,7.0,False,,False,True
333,0 days 02:17:18.105000,RUS,63,69.779,54.0,3.0,,,0 days 00:00:17.119000,0 days 00:00:31.446000,0 days 00:00:21.214000,0 days 02:16:25.429000,0 days 02:16:56.875000,0 days 02:17:18.089000,327.0,230.0,280.0,311.0,False,HARD,9.0,True,Mercedes,0 days 02:16:08.326000,2025-06-29 14:23:01.119,1,6.0,False,,False,True
334,0 days 02:18:27.843000,RUS,63,69.738,55.0,3.0,,,0 days 00:00:17.270000,0 days 00:00:31.315000,0 days 00:00:21.153000,0 days 02:17:35.359000,0 days 02:18:06.674000,0 days 02:18:27.827000,320.0,228.0,275.0,307.0,False,HARD,10.0,True,Mercedes,0 days 02:17:18.105000,2025-06-29 14:24:10.898,1,5.0,False,,False,True
335,0 days 02:19:37.774000,RUS,63,69.931,56.0,3.0,,,0 days 00:00:17.542000,0 days 00:00:31.227000,0 days 00:00:21.162000,0 days 02:18:45.369000,0 days 02:19:16.596000,0 days 02:19:37.758000,298.0,228.0,274.0,298.0,False,HARD,11.0,True,Mercedes,0 days 02:18:27.843000,2025-06-29 14:25:20.636,1,5.0,False,,False,True
336,0 days 02:20:47.627000,RUS,63,69.853,57.0,3.0,,,0 days 00:00:17.555000,0 days 00:00:31.251000,0 days 00:00:21.047000,0 days 02:19:55.313000,0 days 02:20:26.564000,0 days 02:20:47.611000,296.0,228.0,275.0,298.0,False,HARD,12.0,True,Mercedes,0 days 02:19:37.774000,2025-06-29 14:26:30.567,1,5.0,False,,False,True
337,0 days 02:21:57.425000,RUS,63,69.798,58.0,3.0,,,0 days 00:00:17.618000,0 days 00:00:31.142000,0 days 00:00:21.038000,0 days 02:21:05.229000,0 days 02:21:36.371000,0 days 02:21:57.409000,295.0,230.0,275.0,298.0,False,HARD,13.0,True,Mercedes,0 days 02:20:47.627000,2025-06-29 14:27:40.420,1,5.0,False,,False,True
338,0 days 02:23:07.150000,RUS,63,69.725,59.0,3.0,,,0 days 00:00:17.516000,0 days 00:00:31.166000,0 days 00:00:21.043000,0 days 02:22:14.925000,0 days 02:22:46.091000,0 days 02:23:07.134000,300.0,232.0,277.0,299.0,False,HARD,14.0,True,Mercedes,0 days 02:21:57.425000,2025-06-29 14:28:50.218,1,5.0,False,,False,True
339,0 days 02:24:17.112000,RUS,63,69.962,60.0,3.0,,,0 days 00:00:17.540000,0 days 00:00:31.371000,0 days 00:00:21.051000,0 days 02:23:24.674000,0 days 02:23:56.045000,0 days 02:24:17.096000,297.0,232.0,275.0,298.0,False,HARD,15.0,True,Mercedes,0 days 02:23:07.150000,2025-06-29 14:29:59.943,1,5.0,False,,False,True
340,0 days 02:25:26.982000,RUS,63,69.87,61.0,3.0,,,0 days 00:00:17.492000,0 days 00:00:31.288000,0 days 00:00:21.090000,0 days 02:24:34.588000,0 days 02:25:05.876000,0 days 02:25:26.966000,300.0,230.0,275.0,298.0,False,HARD,16.0,True,Mercedes,0 days 02:24:17.112000,2025-06-29 14:31:09.905,1,5.0,False,,False,True
341,0 days 02:26:36.899000,RUS,63,69.917,62.0,3.0,,,0 days 00:00:17.602000,0 days 00:00:31.283000,0 days 00:00:21.032000,0 days 02:25:44.568000,0 days 02:26:15.851000,0 days 02:26:36.883000,302.0,229.0,275.0,298.0,False,HARD,17.0,True,Mercedes,0 days 02:25:26.982000,2025-06-29 14:32:19.775,1,5.0,False,,False,True
342,0 days 02:27:47.006000,RUS,63,70.107,63.0,3.0,,,0 days 00:00:17.557000,0 days 00:00:31.313000,0 days 00:00:21.237000,0 days 02:26:54.440000,0 days 02:27:25.753000,0 days 02:27:46.990000,301.0,231.0,274.0,298.0,False,HARD,18.0,True,Mercedes,0 days 02:26:36.899000,2025-06-29 14:33:29.692,1,5.0,False,,False,True
343,0 days 02:28:57.179000,RUS,63,70.173,64.0,3.0,,,0 days 00:00:17.688000,0 days 00:00:31.396000,0 days 00:00:21.089000,0 days 02:28:04.678000,0 days 02:28:36.074000,0 days 02:28:57.163000,300.0,229.0,274.0,299.0,False,HARD,19.0,True,Mercedes,0 days 02:27:47.006000,2025-06-29 14:34:39.799,1,5.0,False,,False,True
344,0 days 02:30:07.410000,RUS,63,70.231,65.0,3.0,,,0 days 00:00:17.578000,0 days 00:00:31.441000,0 days 00:00:21.212000,0 days 02:29:14.741000,0 days 02:29:46.182000,0 days 02:30:07.394000,295.0,228.0,273.0,294.0,False,HARD,20.0,True,Mercedes,0 days 02:28:57.179000,2025-06-29 14:35:49.972,1,5.0,False,,False,True
345,0 days 02:31:18.026000,RUS,63,70.616,66.0,3.0,,,0 days 00:00:17.788000,0 days 00:00:31.586000,0 days 00:00:21.242000,0 days 02:30:25.182000,0 days 02:30:56.768000,0 days 02:31:18.010000,,229.0,274.0,291.0,False,HARD,21.0,True,Mercedes,0 days 02:30:07.410000,2025-06-29 14:37:00.203,1,5.0,False,,False,True
346,0 days 02:32:28.531000,RUS,63,70.505,67.0,3.0,,,0 days 00:00:17.759000,0 days 00:00:31.515000,0 days 00:00:21.231000,0 days 02:31:35.769000,0 days 02:32:07.284000,0 days 02:32:28.515000,296.0,230.0,275.0,295.0,False,HARD,22.0,True,Mercedes,0 days 02:31:18.026000,2025-06-29 14:38:10.819,1,5.0,False,,False,True
347,0 days 02:33:38.894000,RUS,63,70.363,68.0,3.0,,,0 days 00:00:17.604000,0 days 00:00:31.636000,0 days 00:00:21.123000,0 days 02:32:46.119000,0 days 02:33:17.755000,0 days 02:33:38.878000,294.0,229.0,275.0,294.0,False,HARD,23.0,True,Mercedes,0 days 02:32:28.531000,2025-06-29 14:39:21.324,1,5.0,False,,False,True
348,0 days 02:34:48.854000,RUS,63,69.96,69.0,3.0,,,0 days 00:00:17.528000,0 days 00:00:31.264000,0 days 00:00:21.168000,0 days 02:33:56.406000,0 days 02:34:27.670000,0 days 02:34:48.838000,302.0,232.0,275.0,302.0,False,HARD,24.0,True,Mercedes,0 days 02:33:38.894000,2025-06-29 14:40:31.687,1,5.0,False,,False,True
349,0 days 02:35:58.674000,RUS,63,69.82,70.0,3.0,,,0 days 00:00:17.494000,0 days 00:00:30.988000,0 days 00:00:21.338000,0 days 02:35:06.332000,0 days 02:35:37.320000,0 days 02:35:58.658000,304.0,231.0,260.0,303.0,False,HARD,25.0,True,Mercedes,0 days 02:34:48.854000,2025-06-29 14:41:41.647,1,5.0,False,,False,True
420,0 days 01:12:37.446000,VER,1,,1.0,1.0,,,,,,,,,,,,,False,MEDIUM,1.0,True,Red Bull Racing,0 days 01:11:08.287000,2025-06-29 13:18:01.080,124,,False,,True,False
